id,age,trestbps,chol,fbs,thalch,exang,oldpeak,target,sex_Male,cp_atypical angina,cp_non-anginal,cp_typical angina,restecg_normal,restecg_st-t abnormality,slope_flat,slope_upsloping,thal_normal,thal_reversable defect
1,63,145.0,233.0,1,150.0,0,2.3,0,1,0,0,1,0,0,0,0,0,0
2,67,160.0,286.0,0,108.0,1,1.5,1,1,0,0,0,0,0,1,0,1,0
3,67,120.0,229.0,0,129.0,1,2.6,1,1,0,0,0,0,0,1,0,0,1
4,37,130.0,250.0,0,187.0,0,3.5,0,1,0,1,0,1,0,0,0,1,0
5,41,130.0,204.0,0,172.0,0,1.4,0,0,1,0,0,0,0,0,1,1,0
6,56,120.0,236.0,0,178.0,0,0.8,0,1,1,0,0,1,0,0,1,1,0
7,62,140.0,268.0,0,160.0,0,3.6,1,0,0,0,0,0,0,0,0,1,0
8,57,120.0,354.0,0,163.0,1,0.6,0,0,0,0,0,1,0,0,1,1,0
9,63,130.0,254.0,0,147.0,0,1.4,1,1,0,0,0,0,0,1,0,0,1
10,53,140.0,203.0,1,155.0,1,3.1,1,1,0,0,0,0,0,0,0,0,1
11,57,140.0,192.0,0,148.0,0,0.4,0,1,0,0,0,1,0,1,0,0,0
12,56,140.0,294.0,0,153.0,0,1.3,0,0,1,0,0,0,0,1,0,1,0
13,56,130.0,256.0,1,142.0,1,0.6,1,1,0,1,0,0,0,1,0,0,0
14,44,120.0,263.0,0,173.0,0,0.0,0,1,1,0,0,1,0,0,1,0,1
15,52,172.0,199.0,1,162.0,0,0.5,0,1,0,1,0,1,0,0,1,0,1
16,57,150.0,168.0,0,174.0,0,1.6,0,1,0,1,0,1,0,0,1,1,0
17,48,110.0,229.0,0,168.0,0,1.0,1,1,1,0,0,1,0,0,0,0,1
18,54,140.0,239.0,0,160.0,0,1.2,0,1,0,0,0,1,0,0,1,1,0
19,48,130.0,275.0,0,139.0,0,0.2,0,0,0,1,0,1,0,0,1,1,0
20,49,130.0,266.0,0,171.0,0,0.6,0,1,1,0,0,1,0,0,1,1,0
21,64,110.0,211.0,0,144.0,1,1.8,0,1,0,0,1,0,0,1,0,1,0
22,58,150.0,283.0,1,162.0,0,1.0,0,0,0,0,1,0,0,0,1,1,0
23,58,120.0,284.0,0,160.0,0,1.8,1,1,1,0,0,0,0,1,0,1,0
24,58,132.0,224.0,0,173.0,0,3.2,1,1,0,1,0,0,0,0,1,0,1
25,60,130.0,206.0,0,132.0,1,2.4,1,1,0,0,0,0,0,1,0,0,1
26,50,120.0,219.0,0,158.0,0,1.6,0,0,0,1,0,1,0,1,0,1,0
27,58,120.0,340.0,0,172.0,0,0.0,0,0,0,1,0,1,0,0,1,1,0
28,66,150.0,226.0,0,114.0,0,2.6,0,0,0,0,1,1,0,0,0,1,0
29,43,150.0,247.0,0,171.0,0,1.5,0,1,0,0,0,1,0,0,1,1,0
30,40,110.0,167.0,0,114.0,1,2.0,1,1,0,0,0,0,0,1,0,0,1
31,69,140.0,239.0,0,151.0,0,1.8,0,0,0,0,1,1,0,0,1,1,0
32,60,117.0,230.0,1,160.0,1,1.4,1,1,0,0,0,1,0,0,1,0,1
33,64,140.0,335.0,0,158.0,0,0.0,1,1,0,1,0,1,0,0,1,1,0
34,59,135.0,234.0,0,161.0,0,0.5,0,1,0,0,0,1,0,1,0,0,1
35,44,130.0,233.0,0,179.0,1,0.4,0,1,0,1,0,1,0,0,1,1,0
36,42,140.0,226.0,0,178.0,0,0.0,0,1,0,0,0,1,0,0,1,1,0
37,43,120.0,177.0,0,120.0,1,2.5,1,1,0,0,0,0,0,1,0,0,1
38,57,150.0,276.0,0,112.0,1,0.6,1,1,0,0,0,0,0,1,0,0,0
39,55,132.0,353.0,0,132.0,1,1.2,1,1,0,0,0,1,0,1,0,0,1
40,61,150.0,243.0,1,137.0,1,1.0,0,1,0,1,0,1,0,1,0,1,0
41,65,150.0,225.0,0,114.0,0,1.0,1,0,0,0,0,0,0,1,0,0,1
42,40,140.0,199.0,0,178.0,1,1.4,0,1,0,0,1,1,0,0,1,0,1
43,71,160.0,302.0,0,162.0,0,0.4,0,0,1,0,0,1,0,0,1,1,0
44,59,150.0,212.0,1,157.0,0,1.6,0,1,0,1,0,1,0,0,1,1,0
45,61,130.0,330.0,0,169.0,0,0.0,1,0,0,0,0,0,0,0,1,1,0
46,58,112.0,230.0,0,165.0,0,2.5,1,1,0,1,0,0,0,1,0,0,1
47,51,110.0,175.0,0,123.0,0,0.6,0,1,0,1,0,1,0,0,1,1,0
48,50,150.0,243.0,0,128.0,0,2.6,1,1,0,0,0,0,0,1,0,0,1
49,65,140.0,417.0,1,157.0,0,0.8,0,0,0,1,0,0,0,0,1,1,0
50,53,130.0,197.0,1,152.0,0,1.2,0,1,0,1,0,0,0,0,0,1,0
51,41,105.0,198.0,0,168.0,0,0.0,0,0,1,0,0,1,0,0,1,1,0
52,65,120.0,177.0,0,140.0,0,0.4,0,1,0,0,0,1,0,0,1,0,1
53,44,112.0,290.0,0,153.0,0,0.0,1,1,0,0,0,0,0,0,1,1,0
54,44,130.0,219.0,0,188.0,0,0.0,0,1,1,0,0,0,0,0,1,1,0
55,60,130.0,253.0,0,144.0,1,1.4,1,1,0,0,0,1,0,0,1,0,1
56,54,124.0,266.0,0,109.0,1,2.2,1,1,0,0,0,0,0,1,0,0,1
57,50,140.0,233.0,0,163.0,0,0.6,1,1,0,1,0,1,0,1,0,0,1
58,41,110.0,172.0,0,158.0,0,0.0,1,1,0,0,0,0,0,0,1,0,1
59,54,125.0,273.0,0,152.0,0,0.5,0,1,0,1,0,0,0,0,0,1,0
60,51,125.0,213.0,0,125.0,1,1.4,0,1,0,0,1,0,0,0,1,1,0
61,51,130.0,305.0,0,142.0,1,1.2,1,0,0,0,0,1,0,1,0,0,1
62,46,142.0,177.0,0,160.0,1,1.4,0,0,0,1,0,0,0,0,0,1,0
63,58,128.0,216.0,0,131.0,1,2.2,1,1,0,0,0,0,0,1,0,0,1
64,54,135.0,304.0,1,170.0,0,0.0,0,0,0,1,0,1,0,0,1,1,0
65,54,120.0,188.0,0,113.0,0,1.4,1,1,0,0,0,1,0,1,0,0,1
66,60,145.0,282.0,0,142.0,1,2.8,1,1,0,0,0,0,0,1,0,0,1
67,60,140.0,185.0,0,155.0,0,3.0,1,1,0,1,0,0,0,1,0,1,0
68,54,150.0,232.0,0,165.0,0,1.6,0,1,0,1,0,0,0,0,1,0,1
69,59,170.0,326.0,0,140.0,1,3.4,1,1,0,0,0,0,0,0,0,0,1
70,46,150.0,231.0,0,147.0,0,3.6,1,1,0,1,0,1,0,1,0,1,0
71,65,155.0,269.0,0,148.0,0,0.8,0,0,0,1,0,1,0,0,1,1,0
72,67,125.0,254.0,1,163.0,0,0.2,1,1,0,0,0,1,0,1,0,0,1
73,62,120.0,267.0,0,99.0,1,1.8,1,1,0,0,0,1,0,1,0,0,1
74,65,110.0,248.0,0,158.0,0,0.6,1,1,0,0,0,0,0,0,1,0,0
75,44,110.0,197.0,0,177.0,0,0.0,1,1,0,0,0,0,0,0,1,1,0
76,65,160.0,360.0,0,151.0,0,0.8,0,0,0,1,0,0,0,0,1,1,0
77,60,125.0,258.0,0,141.0,1,2.8,1,1,0,0,0,0,0,1,0,0,1
78,51,140.0,308.0,0,142.0,0,1.5,0,0,0,1,0,0,0,0,1,1,0
79,48,130.0,245.0,0,180.0,0,0.2,0,1,1,0,0,0,0,1,0,1,0
80,58,150.0,270.0,0,111.0,1,0.8,1,1,0,0,0,0,0,0,1,0,1
81,45,104.0,208.0,0,148.0,1,3.0,0,1,0,0,0,0,0,1,0,1,0
82,53,130.0,264.0,0,143.0,0,0.4,0,0,0,0,0,0,0,1,0,1,0
83,39,140.0,321.0,0,182.0,0,0.0,0,1,0,1,0,0,0,0,1,1,0
84,68,180.0,274.0,1,150.0,1,1.6,1,1,0,1,0,0,0,1,0,0,1
85,52,120.0,325.0,0,172.0,0,0.2,0,1,1,0,0,1,0,0,1,1,0
86,44,140.0,235.0,0,180.0,0,0.0,0,1,0,1,0,0,0,0,1,1,0
87,47,138.0,257.0,0,156.0,0,0.0,0,1,0,1,0,0,0,0,1,1,0
88,53,128.0,216.0,0,115.0,0,0.0,0,0,0,1,0,0,0,0,1,1,0
89,53,138.0,234.0,0,160.0,0,0.0,0,0,0,0,0,0,0,0,1,1,0
90,51,130.0,256.0,0,149.0,0,0.5,0,0,0,1,0,0,0,0,1,1,0
91,66,120.0,302.0,0,151.0,0,0.4,0,1,0,0,0,0,0,1,0,1,0
92,62,160.0,164.0,0,145.0,0,6.2,1,0,0,0,0,0,0,0,0,0,1
93,62,130.0,231.0,0,146.0,0,1.8,0,1,0,1,0,1,0,1,0,0,1
94,44,108.0,141.0,0,175.0,0,0.6,0,0,0,1,0,1,0,1,0,1,0
95,63,135.0,252.0,0,172.0,0,0.0,0,0,0,1,0,0,0,0,1,1,0
96,52,128.0,255.0,0,161.0,1,0.0,1,1,0,0,0,1,0,0,1,0,1
97,59,110.0,239.0,0,142.0,1,1.2,1,1,0,0,0,0,0,1,0,0,1
98,60,150.0,258.0,0,157.0,0,2.6,1,0,0,0,0,0,0,1,0,0,1
99,52,134.0,201.0,0,158.0,0,0.8,0,1,1,0,0,1,0,0,1,1,0
100,48,122.0,222.0,0,186.0,0,0.0,0,1,0,0,0,0,0,0,1,1,0
101,45,115.0,260.0,0,185.0,0,0.0,0,1,0,0,0,0,0,0,1,1,0
102,34,118.0,182.0,0,174.0,0,0.0,0,1,0,0,1,0,0,0,1,1,0
103,57,128.0,303.0,0,159.0,0,0.0,0,0,0,0,0,0,0,0,1,1,0
104,71,110.0,265.0,1,130.0,0,0.0,0,0,0,1,0,0,0,0,1,1,0
105,49,120.0,188.0,0,139.0,0,2.0,1,1,0,1,0,1,0,1,0,0,1
106,54,108.0,309.0,0,156.0,0,0.0,0,1,1,0,0,1,0,0,1,0,1
107,59,140.0,177.0,0,162.0,1,0.0,1,1,0,0,0,1,0,0,1,0,1
108,57,128.0,229.0,0,150.0,0,0.4,1,1,0,1,0,0,0,1,0,0,1
109,61,120.0,260.0,0,140.0,1,3.6,1,1,0,0,0,1,0,1,0,0,1
110,39,118.0,219.0,0,140.0,0,1.2,1,1,0,0,0,1,0,1,0,0,1
111,61,145.0,307.0,0,146.0,1,1.0,1,0,0,0,0,0,0,1,0,0,1
112,56,125.0,249.0,1,144.0,1,1.2,1,1,0,0,0,0,0,1,0,1,0
113,52,118.0,186.0,0,190.0,0,0.0,0,1,0,0,1,0,0,1,0,0,0
114,43,132.0,341.0,1,136.0,1,3.0,1,0,0,0,0,0,0,1,0,0,1
115,62,130.0,263.0,0,97.0,0,1.2,1,0,0,1,0,1,0,1,0,0,1
116,41,135.0,203.0,0,132.0,0,0.0,0,1,1,0,0,1,0,1,0,0,0
117,58,140.0,211.0,1,165.0,0,0.0,0,1,0,1,0,0,0,0,1,1,0
118,35,138.0,183.0,0,182.0,0,1.4,0,0,0,0,0,1,0,0,1,1,0
119,63,130.0,330.0,1,132.0,1,1.8,1,1,0,0,0,0,0,0,1,0,1
120,65,135.0,254.0,0,127.0,0,2.8,1,1,0,0,0,0,0,1,0,0,1
121,48,130.0,256.0,1,150.0,1,0.0,1,1,0,0,0,0,0,0,1,0,1
122,63,150.0,407.0,0,154.0,0,4.0,1,0,0,0,0,0,0,1,0,0,1
123,51,100.0,222.0,0,143.0,1,1.2,0,1,0,1,0,1,0,1,0,1,0
124,55,140.0,217.0,0,111.0,1,5.6,1,1,0,0,0,1,0,0,0,0,1
125,65,138.0,282.0,1,174.0,0,1.4,1,1,0,0,1,0,0,1,0,1,0
126,45,130.0,234.0,0,175.0,0,0.6,0,0,1,0,0,0,0,1,0,1,0
127,56,200.0,288.0,1,133.0,1,4.0,1,0,0,0,0,0,0,0,0,0,1
128,54,110.0,239.0,0,126.0,1,2.8,1,1,0,0,0,1,0,1,0,0,1
129,44,120.0,220.0,0,170.0,0,0.0,0,1,1,0,0,1,0,0,1,1,0
130,62,124.0,209.0,0,163.0,0,0.0,0,0,0,0,0,1,0,0,1,1,0
131,54,120.0,258.0,0,147.0,0,0.4,0,1,0,1,0,0,0,1,0,0,1
132,51,94.0,227.0,0,154.0,1,0.0,0,1,0,1,0,1,0,0,1,0,1
133,29,130.0,204.0,0,202.0,0,0.0,0,1,1,0,0,0,0,0,1,1,0
134,51,140.0,261.0,0,186.0,1,0.0,0,1,0,0,0,0,0,0,1,1,0
135,43,122.0,213.0,0,165.0,0,0.2,0,0,0,1,0,1,0,1,0,1,0
136,55,135.0,250.0,0,161.0,0,1.4,0,0,1,0,0,0,0,1,0,1,0
137,70,145.0,174.0,0,125.0,1,2.6,1,1,0,0,0,1,0,0,0,0,1
138,62,120.0,281.0,0,103.0,0,1.4,1,1,1,0,0,0,0,1,0,0,1
139,35,120.0,198.0,0,130.0,1,1.6,1,1,0,0,0,1,0,1,0,0,1
140,51,125.0,245.0,1,166.0,0,2.4,0,1,0,1,0,0,0,1,0,1,0
141,59,140.0,221.0,0,164.0,1,0.0,0,1,1,0,0,1,0,0,1,1,0
142,59,170.0,288.0,0,159.0,0,0.2,1,1,0,0,1,0,0,1,0,0,1
143,52,128.0,205.0,1,184.0,0,0.0,0,1,1,0,0,1,0,0,1,1,0
144,64,125.0,309.0,0,131.0,1,1.8,1,1,0,1,0,1,0,1,0,0,1
145,58,105.0,240.0,0,154.0,1,0.6,0,1,0,1,0,0,0,1,0,0,1
146,47,108.0,243.0,0,152.0,0,0.0,1,1,0,1,0,1,0,0,1,1,0
147,57,165.0,289.0,1,124.0,0,1.0,1,1,0,0,0,0,0,1,0,0,1
148,41,112.0,250.0,0,179.0,0,0.0,0,1,0,1,0,1,0,0,1,1,0
149,45,128.0,308.0,0,170.0,0,0.0,0,1,1,0,0,0,0,0,1,1,0
150,60,102.0,318.0,0,160.0,0,0.0,0,0,0,1,0,1,0,0,1,1,0
151,52,152.0,298.0,1,178.0,0,1.2,0,1,0,0,1,1,0,1,0,0,1
152,42,102.0,265.0,0,122.0,0,0.6,0,0,0,0,0,0,0,1,0,1,0
153,67,115.0,564.0,0,160.0,0,1.6,0,0,0,1,0,0,0,1,0,0,1
154,55,160.0,289.0,0,145.0,1,0.8,1,1,0,0,0,0,0,1,0,0,1
155,64,120.0,246.0,0,96.0,1,2.2,1,1,0,0,0,0,0,0,0,1,0
156,70,130.0,322.0,0,109.0,0,2.4,1,1,0,0,0,0,0,1,0,1,0
157,51,140.0,299.0,0,173.0,1,1.6,1,1,0,0,0,1,0,0,1,0,1
158,58,125.0,300.0,0,171.0,0,0.0,1,1,0,0,0,0,0,0,1,0,1
159,60,140.0,293.0,0,170.0,0,1.2,1,1,0,0,0,0,0,1,0,0,1
160,68,118.0,277.0,0,151.0,0,1.0,0,1,0,1,0,1,0,0,1,0,1
161,46,101.0,197.0,1,156.0,0,0.0,0,1,1,0,0,1,0,0,1,0,1
162,77,125.0,304.0,0,162.0,1,0.0,1,1,0,0,0,0,0,0,1,1,0
163,54,110.0,214.0,0,158.0,0,1.6,0,0,0,1,0,1,0,1,0,1,0
164,58,100.0,248.0,0,122.0,0,1.0,0,0,0,0,0,0,0,1,0,1,0
165,48,124.0,255.0,1,175.0,0,0.0,0,1,0,1,0,1,0,0,1,1,0
166,57,132.0,207.0,0,168.0,1,0.0,0,1,0,0,0,1,0,0,1,0,1
167,52,138.0,223.0,0,169.0,0,0.0,0,1,0,1,0,1,0,0,1,1,0
168,54,132.0,288.0,1,159.0,1,0.0,0,0,1,0,0,0,0,0,1,1,0
169,35,126.0,282.0,0,156.0,1,0.0,1,1,0,0,0,0,0,0,1,0,1
170,45,112.0,160.0,0,138.0,0,0.0,0,0,1,0,0,1,0,1,0,1,0
171,70,160.0,269.0,0,112.0,1,2.9,1,1,0,1,0,1,0,1,0,0,1
172,53,142.0,226.0,0,111.0,1,0.0,0,1,0,0,0,0,0,0,1,0,1
173,59,174.0,249.0,0,143.0,1,0.0,1,0,0,0,0,1,0,1,0,1,0
174,62,140.0,394.0,0,157.0,0,1.2,0,0,0,0,0,0,0,1,0,1,0
175,64,145.0,212.0,0,132.0,0,2.0,1,1,0,0,0,0,0,1,0,0,0
176,57,152.0,274.0,0,88.0,1,1.2,1,1,0,0,0,1,0,1,0,0,1
177,52,108.0,233.0,1,147.0,0,0.1,0,1,0,0,0,1,0,0,1,0,1
178,56,132.0,184.0,0,105.0,1,2.1,1,1,0,0,0,0,0,1,0,0,0
179,43,130.0,315.0,0,162.0,0,1.9,0,1,0,1,0,1,0,0,1,1,0
180,53,130.0,246.0,1,173.0,0,0.0,0,1,0,1,0,0,0,0,1,1,0
181,48,124.0,274.0,0,166.0,0,0.5,1,1,0,0,0,0,0,1,0,0,1
182,56,134.0,409.0,0,150.0,1,1.9,1,0,0,0,0,0,0,1,0,0,1
183,42,148.0,244.0,0,178.0,0,0.8,0,1,0,0,1,0,0,0,1,1,0
184,59,178.0,270.0,0,145.0,0,4.2,0,1,0,0,1,0,0,0,0,0,1
185,60,158.0,305.0,0,161.0,0,0.0,1,0,0,0,0,0,0,0,1,1,0
186,63,140.0,195.0,0,179.0,0,0.0,0,0,1,0,0,1,0,0,1,1,0
187,42,120.0,240.0,1,194.0,0,0.8,0,1,0,1,0,1,0,0,0,0,1
188,66,160.0,246.0,0,120.0,1,0.0,1,1,1,0,0,1,0,1,0,0,0
189,54,192.0,283.0,0,195.0,0,0.0,1,1,1,0,0,0,0,0,1,0,1
190,69,140.0,254.0,0,146.0,0,2.0,1,1,0,1,0,0,0,1,0,0,1
191,50,129.0,196.0,0,163.0,0,0.0,0,1,0,1,0,1,0,0,1,1,0
192,51,140.0,298.0,0,122.0,1,4.2,1,1,0,0,0,1,0,1,0,0,1
193,43,132.0,247.0,1,143.0,1,0.1,1,1,0,0,0,0,0,1,0,0,1
194,62,138.0,294.0,1,106.0,0,1.9,1,0,0,0,0,1,0,1,0,1,0
195,68,120.0,211.0,0,115.0,0,1.5,0,0,0,1,0,0,0,1,0,1,0
196,67,100.0,299.0,0,125.0,1,0.9,1,1,0,0,0,0,0,1,0,1,0
197,69,160.0,234.0,1,131.0,0,0.1,0,1,0,0,1,0,0,1,0,1,0
198,45,138.0,236.0,0,152.0,1,0.2,0,0,0,0,0,0,0,1,0,1,0
199,50,120.0,244.0,0,162.0,0,1.1,0,0,1,0,0,1,0,0,1,1,0
200,59,160.0,273.0,0,125.0,0,0.0,1,1,0,0,1,0,0,0,1,1,0
201,50,110.0,254.0,0,159.0,0,0.0,0,0,0,0,0,0,0,0,1,1,0
202,64,180.0,325.0,0,154.0,1,0.0,0,0,0,0,0,1,0,0,1,1,0
203,57,150.0,126.0,1,173.0,0,0.2,0,1,0,1,0,1,0,0,1,0,1
204,64,140.0,313.0,0,133.0,0,0.2,0,0,0,1,0,1,0,0,1,0,1
205,43,110.0,211.0,0,161.0,0,0.0,0,1,0,0,0,1,0,0,1,0,1
206,45,142.0,309.0,0,147.0,1,0.0,1,1,0,0,0,0,0,1,0,0,1
207,58,128.0,259.0,0,130.0,1,3.0,1,1,0,0,0,0,0,1,0,0,1
208,50,144.0,200.0,0,126.0,1,0.9,1,1,0,0,0,0,0,1,0,0,1
209,55,130.0,262.0,0,155.0,0,0.0,0,1,1,0,0,1,0,0,1,1,0
210,62,150.0,244.0,0,154.0,1,1.4,1,0,0,0,0,1,0,1,0,1,0
211,37,120.0,215.0,0,170.0,0,0.0,0,0,0,1,0,1,0,0,1,1,0
212,38,120.0,231.0,0,182.0,1,3.8,1,1,0,0,1,1,0,1,0,0,1
213,41,130.0,214.0,0,168.0,0,2.0,0,1,0,1,0,0,0,1,0,1,0
214,66,178.0,228.0,1,165.0,1,1.0,1,0,0,0,0,1,0,1,0,0,1
215,52,112.0,230.0,0,160.0,0,0.0,1,1,0,0,0,1,0,0,1,1,0
216,56,120.0,193.0,0,162.0,0,1.9,0,1,0,0,1,0,0,1,0,0,1
217,46,105.0,204.0,0,172.0,0,0.0,0,0,1,0,0,1,0,0,1,1,0
218,46,138.0,243.0,0,152.0,1,0.0,0,0,0,0,0,0,0,1,0,1,0
219,64,130.0,303.0,0,122.0,0,2.0,0,0,0,0,0,1,0,1,0,1,0
220,59,138.0,271.0,0,182.0,0,0.0,0,1,0,0,0,0,0,0,1,1,0
221,41,112.0,268.0,0,172.0,1,0.0,0,0,0,1,0,0,0,0,1,1,0
222,54,108.0,267.0,0,167.0,0,0.0,0,0,0,1,0,0,0,0,1,1,0
223,39,94.0,199.0,0,179.0,0,0.0,0,0,0,1,0,1,0,0,1,1,0
224,53,123.0,282.0,0,95.0,1,2.0,1,1,0,0,0,1,0,1,0,0,1
225,63,108.0,269.0,0,169.0,1,1.8,1,0,0,0,0,1,0,1,0,1,0
226,34,118.0,210.0,0,192.0,0,0.7,0,0,1,0,0,1,0,0,1,1,0
227,47,112.0,204.0,0,143.0,0,0.1,0,1,0,0,0,1,0,0,1,1,0
228,67,152.0,277.0,0,172.0,0,0.0,0,0,0,1,0,1,0,0,1,1,0
229,54,110.0,206.0,0,108.0,1,0.0,1,1,0,0,0,0,0,1,0,1,0
230,66,112.0,212.0,0,132.0,1,0.1,1,1,0,0,0,0,0,0,1,1,0
231,52,136.0,196.0,0,169.0,0,0.1,0,0,0,1,0,0,0,1,0,1,0
232,55,180.0,327.0,0,117.0,1,3.4,1,0,0,0,0,0,1,1,0,1,0
233,49,118.0,149.0,0,126.0,0,0.8,1,1,0,1,0,0,0,0,1,1,0
234,74,120.0,269.0,0,121.0,1,0.2,0,0,1,0,0,0,0,0,1,1,0
235,54,160.0,201.0,0,163.0,0,0.0,0,0,0,1,0,1,0,0,1,1,0
236,54,122.0,286.0,0,116.0,1,3.2,1,1,0,0,0,0,0,1,0,1,0
237,56,130.0,283.0,1,103.0,1,1.6,1,1,0,0,0,0,0,0,0,0,1
238,46,120.0,249.0,0,144.0,0,0.8,1,1,0,0,0,0,0,0,1,0,1
239,49,134.0,271.0,0,162.0,0,0.0,0,0,1,0,0,1,0,1,0,1,0
240,42,120.0,295.0,0,162.0,0,0.0,0,1,1,0,0,1,0,0,1,1,0
241,41,110.0,235.0,0,153.0,0,0.0,0,1,1,0,0,1,0,0,1,1,0
242,41,126.0,306.0,0,163.0,0,0.0,0,0,1,0,0,1,0,0,1,1,0
243,49,130.0,269.0,0,163.0,0,0.0,0,0,0,0,0,1,0,0,1,1,0
244,61,134.0,234.0,0,145.0,0,2.6,1,1,0,0,1,1,0,1,0,1,0
245,60,120.0,178.0,1,96.0,0,0.0,0,0,0,1,0,1,0,0,1,1,0
246,67,120.0,237.0,0,71.0,0,1.0,1,1,0,0,0,1,0,1,0,1,0
247,58,100.0,234.0,0,156.0,0,0.1,1,1,0,0,0,1,0,0,1,0,1
248,47,110.0,275.0,0,118.0,1,1.0,1,1,0,0,0,0,0,1,0,1,0
249,52,125.0,212.0,0,168.0,0,1.0,1,1,0,0,0,1,0,0,1,0,1
250,62,128.0,208.0,1,140.0,0,0.0,0,1,1,0,0,0,0,0,1,1,0
251,57,110.0,201.0,0,126.0,1,1.5,0,1,0,0,0,1,0,1,0,0,0
252,58,146.0,218.0,0,105.0,0,2.0,1,1,0,0,0,1,0,1,0,0,1
253,64,128.0,263.0,0,105.0,1,0.2,0,1,0,0,0,1,0,1,0,0,1
254,51,120.0,295.0,0,157.0,0,0.6,0,0,0,1,0,0,0,0,1,1,0
255,43,115.0,303.0,0,181.0,0,1.2,0,1,0,0,0,1,0,1,0,1,0
256,42,120.0,209.0,0,173.0,0,0.0,0,0,0,1,0,1,0,1,0,1,0
257,67,106.0,223.0,0,142.0,0,0.3,0,0,0,0,0,1,0,0,1,1,0
258,76,140.0,197.0,0,116.0,0,1.1,0,0,0,1,0,0,1,1,0,1,0
259,70,156.0,245.0,0,143.0,0,0.0,0,1,1,0,0,0,0,0,1,1,0
260,57,124.0,261.0,0,141.0,0,0.3,1,1,1,0,0,1,0,0,1,0,1
261,44,118.0,242.0,0,149.0,0,0.3,0,0,0,1,0,1,0,1,0,1,0
262,58,136.0,319.0,1,152.0,0,0.0,1,0,1,0,0,0,0,0,1,1,0
263,60,150.0,240.0,0,171.0,0,0.9,0,0,0,0,1,1,0,0,1,1,0
264,44,120.0,226.0,0,169.0,0,0.0,0,1,0,1,0,1,0,0,1,1,0
265,61,138.0,166.0,0,125.0,1,3.6,1,1,0,0,0,0,0,1,0,1,0
266,42,136.0,315.0,0,125.0,1,1.8,1,1,0,0,0,1,0,1,0,0,0
267,52,128.0,204.0,1,156.0,1,1.0,1,1,0,0,0,1,0,1,0,0,1
268,59,126.0,218.0,1,134.0,0,2.2,1,1,0,1,0,1,0,1,0,0,0
269,40,152.0,223.0,0,181.0,0,0.0,1,1,0,0,0,1,0,0,1,0,1
270,42,130.0,180.0,0,150.0,0,0.0,0,1,0,1,0,1,0,0,1,1,0
271,61,140.0,207.0,0,138.0,1,1.9,1,1,0,0,0,0,0,0,1,0,1
272,66,160.0,228.0,0,138.0,0,2.3,0,1,0,0,0,0,0,0,1,0,0
273,46,140.0,311.0,0,120.0,1,1.8,1,1,0,0,0,1,0,1,0,0,1
274,71,112.0,149.0,0,125.0,0,1.6,0,0,0,0,0,1,0,1,0,1,0
275,59,134.0,204.0,0,162.0,0,0.8,1,1,0,0,1,1,0,0,1,1,0
276,64,170.0,227.0,0,155.0,0,0.6,0,1,0,0,1,0,0,1,0,0,1
277,66,146.0,278.0,0,152.0,0,0.0,0,0,0,1,0,0,0,1,0,1,0
278,39,138.0,220.0,0,152.0,0,0.0,0,0,0,1,0,1,0,1,0,1,0
279,57,154.0,232.0,0,164.0,0,0.0,1,1,1,0,0,0,0,0,1,1,0
280,58,130.0,197.0,0,131.0,0,0.6,0,0,0,0,0,1,0,1,0,1,0
281,57,110.0,335.0,0,143.0,1,3.0,1,1,0,0,0,1,0,1,0,0,1
282,47,130.0,253.0,0,179.0,0,0.0,0,1,0,1,0,1,0,0,1,1,0
283,55,128.0,205.0,0,130.0,1,2.0,1,0,0,0,0,0,1,1,0,0,1
284,35,122.0,192.0,0,174.0,0,0.0,0,1,1,0,0,1,0,0,1,1,0
285,61,148.0,203.0,0,161.0,0,0.0,1,1,0,0,0,1,0,0,1,0,1
286,58,114.0,318.0,0,140.0,0,4.4,1,1,0,0,0,0,1,0,0,0,0
287,58,170.0,225.0,1,146.0,1,2.8,1,0,0,0,0,0,0,1,0,0,0
288,58,125.0,220.0,0,144.0,0,0.4,0,1,1,0,0,1,0,1,0,0,1
289,56,130.0,221.0,0,163.0,0,0.0,0,1,1,0,0,0,0,0,1,0,1
290,56,120.0,240.0,0,169.0,0,0.0,0,1,1,0,0,1,0,0,0,1,0
291,67,152.0,212.0,0,150.0,0,0.8,1,1,0,1,0,0,0,1,0,0,1
292,55,132.0,342.0,0,166.0,0,1.2,0,0,1,0,0,1,0,0,1,1,0
293,44,120.0,169.0,0,144.0,1,2.8,1,1,0,0,0,1,0,0,0,0,0
294,63,140.0,187.0,0,144.0,1,4.0,1,1,0,0,0,0,0,0,1,0,1
295,63,124.0,197.0,0,136.0,1,0.0,1,0,0,0,0,1,0,1,0,1,0
296,41,120.0,157.0,0,182.0,0,0.0,0,1,1,0,0,1,0,0,1,1,0
297,59,164.0,176.0,1,90.0,0,1.0,1,1,0,0,0,0,0,1,0,0,0
298,57,140.0,241.0,0,123.0,1,0.2,1,0,0,0,0,1,0,1,0,0,1
299,45,110.0,264.0,0,132.0,0,1.2,1,1,0,0,1,1,0,1,0,0,1
300,68,144.0,193.0,1,141.0,0,3.4,1,1,0,0,0,1,0,1,0,0,1
301,57,130.0,131.0,0,115.0,1,1.2,1,1,0,0,0,1,0,1,0,0,1
302,57,130.0,236.0,0,174.0,0,0.0,1,0,1,0,0,0,0,1,0,1,0
303,38,138.0,175.0,0,173.0,0,0.0,0,1,0,1,0,1,0,0,1,1,0
304,28,130.0,132.0,0,185.0,0,0.0,0,1,1,0,0,0,0,0,1,1,0
305,29,120.0,243.0,0,160.0,0,0.0,0,1,1,0,0,1,0,0,1,1,0
306,29,140.0,235.5,0,170.0,0,0.0,0,1,1,0,0,1,0,0,1,1,0
307,30,170.0,237.0,0,170.0,0,0.0,0,0,0,0,1,0,1,0,1,0,0
308,31,100.0,219.0,0,150.0,0,0.0,0,0,1,0,0,0,1,0,1,1,0
309,32,105.0,198.0,0,165.0,0,0.0,0,0,1,0,0,1,0,0,1,1,0
310,32,110.0,225.0,0,184.0,0,0.0,0,1,1,0,0,1,0,0,1,1,0
311,32,125.0,254.0,0,155.0,0,0.0,0,1,1,0,0,1,0,0,1,1,0
312,33,120.0,298.0,0,185.0,0,0.0,0,1,0,1,0,1,0,1,0,1,0
313,34,130.0,161.0,0,190.0,0,0.0,0,0,1,0,0,1,0,0,1,1,0
314,34,150.0,214.0,0,168.0,0,0.0,0,1,1,0,0,0,1,0,1,1,0
315,34,98.0,220.0,0,150.0,0,0.0,0,1,1,0,0,1,0,0,1,1,0
316,35,120.0,160.0,0,185.0,0,0.0,0,0,0,0,1,0,1,0,1,1,0
317,35,140.0,167.0,0,150.0,0,0.0,0,0,0,0,0,1,0,1,0,1,0
318,35,120.0,308.0,0,180.0,0,0.0,0,1,1,0,0,0,0,0,1,1,0
319,35,150.0,264.0,0,168.0,0,0.0,0,1,1,0,0,1,0,0,1,1,0
320,36,120.0,166.0,0,180.0,0,0.0,0,1,1,0,0,1,0,0,1,1,0
321,36,112.0,340.0,0,184.0,0,1.0,0,1,0,1,0,1,0,1,0,1,0
322,36,130.0,209.0,0,178.0,0,0.0,0,1,0,1,0,1,0,1,0,1,0
323,36,150.0,160.0,0,172.0,0,0.0,0,1,0,1,0,1,0,1,0,1,0
324,37,120.0,260.0,0,130.0,0,0.0,0,0,1,0,0,1,0,0,1,1,0
325,37,130.0,211.0,0,142.0,0,0.0,0,0,0,1,0,1,0,0,1,1,0
326,37,130.0,173.0,0,184.0,0,0.0,0,0,0,0,0,0,1,1,0,1,0
327,37,130.0,283.0,0,98.0,0,0.0,0,1,1,0,0,0,1,0,1,1,0
328,37,130.0,194.0,0,150.0,0,0.0,0,1,0,1,0,1,0,1,0,1,0
329,37,120.0,223.0,0,168.0,0,0.0,0,1,0,0,0,1,0,1,0,1,0
330,37,130.0,315.0,0,158.0,0,0.0,0,1,0,0,0,1,0,1,0,0,1
331,38,120.0,275.0,0,129.0,0,0.0,0,0,1,0,0,1,0,0,1,1,0
332,38,140.0,297.0,0,150.0,0,0.0,0,1,1,0,0,1,0,0,1,1,0
333,38,145.0,292.0,0,130.0,0,0.0,0,1,0,1,0,1,0,1,0,1,0
334,39,110.0,182.0,0,180.0,0,0.0,0,0,0,1,0,0,1,0,1,1,0
335,39,120.0,235.5,0,146.0,0,2.0,0,1,1,0,0,0,1,0,1,1,0
336,39,120.0,200.0,0,160.0,1,1.0,0,1,1,0,0,1,0,1,0,1,0
337,39,120.0,204.0,0,145.0,0,0.0,0,1,1,0,0,1,0,0,1,1,0
338,39,130.0,235.5,0,120.0,0,0.0,0,1,1,0,0,1,0,0,1,1,0
339,39,190.0,241.0,0,106.0,0,0.0,0,1,1,0,0,1,0,0,1,1,0
340,39,120.0,339.0,0,170.0,0,0.0,0,1,0,1,0,1,0,1,0,1,0
341,39,160.0,147.0,1,160.0,0,0.0,0,1,0,1,0,1,0,1,0,1,0
342,39,110.0,273.0,0,132.0,0,0.0,0,1,0,0,0,1,0,1,0,0,1
343,39,130.0,307.0,0,140.0,0,0.0,0,1,0,0,0,1,0,1,0,0,1
344,40,130.0,275.0,0,150.0,0,0.0,0,1,1,0,0,1,0,0,1,1,0
345,40,140.0,289.0,0,172.0,0,0.0,0,1,1,0,0,1,0,0,1,1,0
346,40,130.0,215.0,0,138.0,0,0.0,0,1,0,1,0,1,0,1,0,1,0
347,40,130.0,281.0,0,167.0,0,0.0,0,1,0,1,0,1,0,1,0,1,0
348,40,140.0,215.0,0,188.0,0,0.0,0,1,0,1,0,1,0,1,0,1,0
349,41,110.0,250.0,0,142.0,0,0.0,0,0,1,0,0,0,1,0,1,1,0
350,41,125.0,184.0,0,180.0,0,0.0,0,0,1,0,0,1,0,0,1,1,0
351,41,130.0,245.0,0,150.0,0,0.0,0,0,1,0,0,1,0,0,1,1,0
352,41,120.0,291.0,0,160.0,0,0.0,0,1,1,0,0,0,1,0,1,1,0
353,41,120.0,295.0,0,170.0,0,0.0,0,1,1,0,0,1,0,0,1,1,0
354,41,125.0,269.0,0,144.0,0,0.0,0,1,1,0,0,1,0,0,1,1,0
355,41,112.0,250.0,0,142.0,0,0.0,0,1,0,0,0,1,0,1,0,0,1
356,42,115.0,211.0,0,137.0,0,0.0,0,0,0,1,0,0,1,0,1,1,0
357,42,120.0,196.0,0,150.0,0,0.0,0,1,1,0,0,1,0,0,1,1,0
358,42,120.0,198.0,0,155.0,0,0.0,0,1,1,0,0,1,0,0,1,1,0
359,42,150.0,268.0,0,136.0,0,0.0,0,1,1,0,0,1,0,0,1,1,0
360,42,120.0,228.0,0,152.0,1,1.5,0,1,0,1,0,1,0,1,0,1,0
361,42,160.0,147.0,0,146.0,0,0.0,0,1,0,1,0,1,0,1,0,1,0
362,42,140.0,358.0,0,170.0,0,0.0,0,1,0,0,0,1,0,1,0,0,1
363,43,100.0,223.0,0,142.0,0,0.0,0,0,0,0,1,1,0,0,1,1,0
364,43,120.0,201.0,0,165.0,0,0.0,0,0,1,0,0,1,0,0,1,1,0
365,43,120.0,215.0,0,175.0,0,0.0,0,0,1,0,0,0,1,0,1,1,0
366,43,120.0,249.0,0,176.0,0,0.0,0,0,1,0,0,0,1,0,1,1,0
367,43,120.0,266.0,0,118.0,0,0.0,0,0,1,0,0,1,0,0,1,1,0
368,43,150.0,186.0,0,154.0,0,0.0,0,0,1,0,0,1,0,0,1,1,0
369,43,150.0,220.0,0,175.0,0,0.0,0,0,0,1,0,1,0,0,1,1,0
370,43,142.0,207.0,0,138.0,0,0.0,0,1,1,0,0,1,0,0,1,1,0
371,44,120.0,218.0,0,115.0,0,0.0,0,0,0,0,0,0,1,1,0,1,0
372,44,120.0,184.0,0,142.0,0,1.0,0,1,1,0,0,1,0,1,0,1,0
373,44,130.0,215.0,0,135.0,0,0.0,0,1,1,0,0,1,0,0,1,1,0
374,44,150.0,412.0,0,170.0,0,0.0,0,1,0,0,0,1,0,1,0,0,1
375,45,130.0,237.0,0,170.0,0,0.0,0,0,1,0,0,1,0,0,1,1,0
376,45,180.0,247.0,0,180.0,0,0.0,0,0,1,0,0,1,0,0,1,1,0
377,45,132.0,297.0,0,144.0,0,0.0,0,0,0,0,0,1,0,1,0,1,0
378,45,140.0,224.0,1,122.0,0,0.0,0,1,1,0,0,1,0,0,1,1,0
379,45,135.0,215.0,0,110.0,0,0.0,0,1,0,1,0,1,0,1,0,1,0
380,45,120.0,225.0,0,140.0,0,0.0,0,1,0,0,0,1,0,1,0,0,1
381,45,140.0,224.0,0,144.0,0,0.0,0,1,0,0,0,1,0,1,0,0,1
382,46,130.0,238.0,0,90.0,0,0.0,0,0,0,0,0,1,0,1,0,1,0
383,46,140.0,275.0,0,165.0,1,0.0,0,1,1,0,0,1,0,0,1,1,0
384,46,120.0,230.0,0,150.0,0,0.0,0,1,0,1,0,1,0,1,0,1,0
385,46,150.0,163.0,0,116.0,0,0.0,0,1,0,1,0,1,0,1,0,1,0
386,46,110.0,238.0,0,140.0,1,1.0,0,1,0,0,0,0,1,1,0,1,0
387,46,110.0,240.0,0,140.0,0,0.0,0,1,0,0,0,0,1,1,0,1,0
388,46,180.0,280.0,0,120.0,0,0.0,0,1,0,0,0,0,1,1,0,0,1
389,47,140.0,257.0,0,135.0,0,1.0,0,0,1,0,0,1,0,0,1,1,0
390,47,130.0,220.0,0,145.0,0,2.0,0,0,0,1,0,1,0,1,0,1,0
391,47,110.0,249.0,0,150.0,0,0.0,0,1,0,0,1,1,0,1,0,1,0
392,47,160.0,263.0,0,174.0,0,0.0,0,1,1,0,0,1,0,0,1,1,0
393,47,140.0,276.0,1,125.0,1,0.0,0,1,0,0,0,1,0,1,0,0,1
394,48,125.0,308.0,0,154.0,0,2.0,0,0,1,0,0,0,1,0,1,1,0
395,48,120.0,247.0,1,148.0,0,0.0,0,0,1,0,0,0,1,0,1,1,0
396,48,120.0,284.0,0,120.0,0,0.0,0,0,1,0,0,1,0,0,1,1,0
397,48,120.0,195.0,0,125.0,0,0.0,0,0,0,1,0,1,0,0,1,1,0
398,48,108.0,163.0,0,175.0,0,2.0,0,0,0,0,0,1,0,0,1,1,0
399,48,120.0,254.0,0,110.0,0,0.0,0,0,0,0,0,0,1,1,0,1,0
400,48,150.0,227.0,0,130.0,1,1.0,0,0,0,0,0,1,0,1,0,1,0
401,48,100.0,235.5,0,100.0,0,0.0,0,1,1,0,0,1,0,0,1,1,0
402,48,130.0,245.0,0,160.0,0,0.0,0,1,1,0,0,1,0,0,1,1,0
403,48,140.0,238.0,0,118.0,0,0.0,0,1,1,0,0,1,0,0,1,1,0
404,48,110.0,211.0,0,138.0,0,0.0,0,1,0,1,0,1,0,1,0,0,0
405,49,110.0,247.0,0,160.0,0,0.0,0,0,1,0,0,1,0,0,1,1,0
406,49,110.0,247.0,0,160.0,0,0.0,0,0,1,0,0,1,0,0,1,1,0
407,49,124.0,201.0,0,164.0,0,0.0,0,0,1,0,0,1,0,0,1,1,0
408,49,130.0,207.0,0,135.0,0,0.0,0,0,0,1,0,0,1,0,1,1,0
409,49,100.0,253.0,0,174.0,0,0.0,0,1,1,0,0,1,0,0,1,1,0
410,49,140.0,187.0,0,172.0,0,0.0,0,1,0,1,0,1,0,1,0,1,0
411,49,120.0,297.0,0,132.0,0,1.0,0,1,0,0,0,1,0,1,0,0,1
412,49,140.0,218.0,0,130.0,0,0.0,0,1,0,0,0,1,0,1,0,0,1
413,50,110.0,202.0,0,145.0,0,0.0,0,0,1,0,0,1,0,0,1,1,0
414,50,120.0,328.0,0,110.0,1,1.0,0,0,0,0,0,1,0,1,0,1,0
415,50,120.0,168.0,0,160.0,0,0.0,0,1,1,0,0,1,0,0,1,1,0
416,50,140.0,216.0,0,170.0,0,0.0,0,1,1,0,0,1,0,0,1,1,0
417,50,170.0,209.0,0,116.0,0,0.0,0,1,1,0,0,0,1,0,1,1,0
418,50,140.0,129.0,0,135.0,0,0.0,0,1,0,0,0,1,0,1,0,0,1
419,50,150.0,215.0,0,140.0,1,0.0,0,1,0,0,0,1,0,1,0,0,1
420,51,160.0,194.0,0,170.0,0,0.0,0,0,1,0,0,1,0,0,1,1,0
421,51,110.0,190.0,0,120.0,0,0.0,0,0,0,1,0,1,0,0,1,1,0
422,51,130.0,220.0,0,160.0,1,2.0,0,0,0,1,0,1,0,0,1,1,0
423,51,150.0,200.0,0,120.0,0,0.5,0,0,0,1,0,1,0,0,1,1,0
424,51,125.0,188.0,0,145.0,0,0.0,0,1,1,0,0,1,0,0,1,1,0
425,51,130.0,224.0,0,150.0,0,0.0,0,1,1,0,0,1,0,0,1,1,0
426,51,130.0,179.0,0,100.0,0,0.0,0,1,0,0,0,1,0,1,0,0,1
427,52,120.0,210.0,0,148.0,0,0.0,0,0,1,0,0,1,0,0,1,1,0
428,52,140.0,247.0,0,140.0,0,0.0,0,0,1,0,0,1,0,0,1,1,0
429,52,125.0,272.0,0,139.0,0,0.0,0,0,0,1,0,1,0,0,1,1,0
430,52,130.0,180.0,0,140.0,1,1.5,0,0,0,0,0,1,0,1,0,1,0
431,52,120.0,284.0,0,118.0,0,0.0,0,1,1,0,0,1,0,0,1,1,0
432,52,140.0,100.0,0,138.0,1,0.0,0,1,1,0,0,1,0,0,1,1,0
433,52,160.0,196.0,0,165.0,0,0.0,0,1,1,0,0,1,0,0,1,1,0
434,52,140.0,259.0,0,170.0,0,0.0,0,1,0,1,0,0,1,1,0,1,0
435,53,113.0,468.0,0,127.0,0,0.0,0,0,1,0,0,1,0,0,1,1,0
436,53,140.0,216.0,0,142.0,1,2.0,0,0,1,0,0,1,0,1,0,1,0
437,53,120.0,274.0,0,130.0,0,0.0,0,0,0,1,0,1,0,0,1,1,0
438,53,120.0,235.5,0,132.0,0,0.0,0,1,1,0,0,1,0,0,1,1,0
439,53,140.0,320.0,0,162.0,0,0.0,0,1,1,0,0,1,0,0,1,1,0
440,53,120.0,195.0,0,140.0,0,0.0,0,1,0,1,0,1,0,1,0,1,0
441,53,124.0,260.0,0,112.0,1,3.0,0,1,0,0,0,0,1,1,0,0,1
442,53,130.0,182.0,0,148.0,0,0.0,0,1,0,0,0,1,0,1,0,0,1
443,53,140.0,243.0,0,155.0,0,0.0,0,1,0,0,0,1,0,1,0,0,1
444,54,120.0,221.0,0,138.0,0,1.0,0,0,1,0,0,1,0,0,1,1,0
445,54,120.0,230.0,1,140.0,0,0.0,0,0,1,0,0,1,0,0,1,1,0
446,54,120.0,273.0,0,150.0,0,1.5,0,0,1,0,0,1,0,1,0,1,0
447,54,130.0,253.0,0,155.0,0,0.0,0,0,1,0,0,0,1,0,1,1,0
448,54,140.0,309.0,0,140.0,0,0.0,0,0,1,0,0,0,1,0,1,1,0
449,54,150.0,230.0,0,130.0,0,0.0,0,0,1,0,0,1,0,0,1,1,0
450,54,160.0,312.0,0,130.0,0,0.0,0,0,1,0,0,1,0,0,1,1,0
451,54,120.0,171.0,0,137.0,0,2.0,0,1,0,0,1,1,0,0,1,1,0
452,54,110.0,208.0,0,142.0,0,0.0,0,1,1,0,0,1,0,0,1,1,0
453,54,120.0,238.0,0,154.0,0,0.0,0,1,1,0,0,1,0,0,1,1,0
454,54,120.0,246.0,0,110.0,0,0.0,0,1,1,0,0,1,0,0,1,1,0
455,54,160.0,195.0,0,130.0,0,1.0,0,1,1,0,0,0,1,0,1,1,0
456,54,160.0,305.0,0,175.0,0,0.0,0,1,1,0,0,1,0,0,1,1,0
457,54,120.0,217.0,0,137.0,0,0.0,0,1,0,1,0,1,0,1,0,1,0
458,54,150.0,215.0,0,122.0,0,0.0,0,1,0,1,0,1,0,1,0,1,0
459,54,150.0,365.0,0,134.0,0,1.0,0,1,0,0,0,0,1,0,1,0,1
460,55,110.0,344.0,0,160.0,0,0.0,0,0,1,0,0,0,1,0,1,1,0
461,55,122.0,320.0,0,155.0,0,0.0,0,0,1,0,0,1,0,0,1,1,0
462,55,130.0,394.0,0,150.0,0,0.0,0,0,1,0,0,0,0,0,1,1,0
463,55,120.0,256.0,1,137.0,0,0.0,0,1,1,0,0,1,0,0,1,0,1
464,55,140.0,196.0,0,150.0,0,0.0,0,1,1,0,0,1,0,0,1,0,1
465,55,145.0,326.0,0,155.0,0,0.0,0,1,1,0,0,1,0,0,1,1,0
466,55,110.0,277.0,0,160.0,0,0.0,0,1,0,1,0,1,0,1,0,1,0
467,55,120.0,220.0,0,134.0,0,0.0,0,1,0,1,0,0,0,1,0,1,0
468,55,120.0,270.0,0,140.0,0,0.0,0,1,0,0,0,1,0,1,0,0,1
469,55,140.0,229.0,0,110.0,1,0.5,0,1,0,0,0,1,0,1,0,0,1
470,56,130.0,219.0,0,164.0,0,0.0,0,0,0,1,0,0,1,0,1,0,1
471,56,130.0,184.0,0,100.0,0,0.0,0,1,1,0,0,1,0,0,1,1,0
472,56,130.0,215.0,0,114.0,0,0.0,0,1,0,1,0,1,0,1,0,1,0
473,56,130.0,276.0,0,128.0,1,1.0,0,1,0,1,0,1,0,0,1,0,0
474,56,120.0,85.0,0,140.0,0,0.0,0,1,0,0,0,1,0,1,0,0,1
475,57,130.0,308.0,0,98.0,0,1.0,0,0,0,0,1,1,0,1,0,1,0
476,57,180.0,347.0,0,126.0,1,0.8,0,0,0,0,0,0,1,1,0,1,0
477,57,140.0,260.0,1,140.0,0,0.0,0,1,1,0,0,1,0,0,1,0,0
478,58,130.0,230.0,0,150.0,0,0.0,0,1,1,0,0,1,0,0,1,1,0
479,58,130.0,251.0,0,110.0,0,0.0,0,1,1,0,0,1,0,0,1,1,0
480,58,140.0,179.0,0,160.0,0,0.0,0,1,0,1,0,1,0,1,0,1,0
481,58,135.0,222.0,0,100.0,0,0.0,0,1,0,0,0,1,0,1,0,0,1
482,59,130.0,188.0,0,124.0,0,1.0,0,0,1,0,0,1,0,1,0,1,0
483,59,140.0,287.0,0,150.0,0,0.0,0,1,1,0,0,1,0,0,1,1,0
484,59,130.0,318.0,0,120.0,1,1.0,0,1,0,1,0,1,0,1,0,1,0
485,59,180.0,213.0,0,100.0,0,0.0,0,1,0,1,0,1,0,1,0,1,0
486,59,140.0,218.0,0,140.0,0,0.0,0,1,0,0,0,1,0,1,0,0,1
487,60,120.0,246.0,0,135.0,0,0.0,0,1,0,1,0,0,0,1,0,1,0
488,61,130.0,294.0,0,120.0,1,1.0,0,0,0,0,0,0,1,1,0,1,0
489,61,125.0,292.0,0,115.0,1,0.0,0,1,0,0,0,0,1,1,0,0,1
490,62,160.0,193.0,0,116.0,0,0.0,0,0,0,0,1,1,0,0,1,1,0
491,62,140.0,271.0,0,152.0,0,1.0,0,1,1,0,0,1,0,0,1,1,0
492,31,120.0,270.0,0,153.0,1,1.5,1,1,0,0,0,1,0,1,0,0,1
493,33,100.0,246.0,0,150.0,1,1.0,1,0,0,0,0,1,0,1,0,1,0
494,34,140.0,156.0,0,180.0,0,0.0,1,1,0,0,1,1,0,1,0,1,0
495,35,110.0,257.0,0,140.0,0,0.0,1,1,1,0,0,1,0,0,1,1,0
496,36,120.0,267.0,0,160.0,0,3.0,1,1,1,0,0,1,0,1,0,1,0
497,37,140.0,207.0,0,130.0,1,1.5,1,1,0,0,0,1,0,1,0,0,1
498,38,110.0,196.0,0,166.0,0,0.0,1,1,0,0,0,1,0,1,0,0,1
499,38,120.0,282.0,0,170.0,0,0.0,1,1,0,0,0,1,0,1,0,0,1
500,38,92.0,117.0,0,134.0,1,2.5,1,1,0,0,0,1,0,1,0,0,1
501,40,120.0,466.0,0,152.0,1,1.0,1,1,0,0,0,1,0,1,0,0,0
502,41,110.0,289.0,0,170.0,0,0.0,1,1,0,0,0,1,0,1,0,0,0
503,41,120.0,237.0,0,138.0,1,1.0,1,1,0,0,0,1,0,1,0,0,1
504,43,150.0,247.0,0,130.0,1,2.0,1,1,0,0,0,1,0,1,0,0,1
505,46,110.0,202.0,0,150.0,1,0.0,1,1,0,0,0,1,0,1,0,0,1
506,46,118.0,186.0,0,124.0,0,0.0,1,1,0,0,0,1,0,1,0,0,1
507,46,120.0,277.0,0,125.0,1,1.0,1,1,0,0,0,1,0,1,0,0,1
508,47,140.0,193.0,0,145.0,1,1.0,1,1,0,1,0,1,0,1,0,1,0
509,47,150.0,226.0,0,98.0,1,1.5,1,1,0,0,0,1,0,1,0,0,1
510,48,106.0,263.0,1,110.0,0,0.0,1,1,0,0,0,1,0,1,0,0,1
511,48,120.0,260.0,0,115.0,0,2.0,1,1,0,0,0,1,0,1,0,0,1
512,48,160.0,268.0,0,103.0,1,1.0,1,1,0,0,0,1,0,1,0,0,1
513,49,160.0,180.0,0,156.0,0,1.0,1,0,0,1,0,1,0,1,0,1,0
514,49,115.0,265.0,0,175.0,0,0.0,1,1,0,1,0,1,0,1,0,1,0
515,49,130.0,206.0,0,170.0,0,0.0,1,1,0,0,0,1,0,1,0,0,1
516,50,140.0,288.0,0,140.0,1,0.0,1,0,0,1,0,1,0,0,1,0,1
517,50,145.0,264.0,0,150.0,0,0.0,1,1,0,0,0,1,0,1,0,0,1
518,51,160.0,303.0,0,150.0,1,1.0,1,0,0,0,0,1,0,1,0,1,0
519,52,130.0,225.0,0,120.0,1,2.0,1,1,0,0,0,1,0,1,0,0,1
520,54,125.0,216.0,0,140.0,0,0.0,1,1,0,0,0,1,0,1,0,0,1
521,54,125.0,224.0,0,122.0,0,2.0,1,1,0,0,0,1,0,1,0,0,1
522,55,140.0,201.0,0,130.0,1,3.0,1,1,0,0,0,1,0,1,0,0,1
523,57,140.0,265.0,0,145.0,1,1.0,1,1,1,0,0,0,1,1,0,1,0
524,58,130.0,213.0,0,140.0,0,0.0,1,1,0,1,0,0,1,1,0,0,0
525,59,130.0,338.0,1,130.0,1,1.5,1,0,0,0,0,0,1,1,0,1,0
526,60,100.0,248.0,0,125.0,0,1.0,1,1,0,0,0,1,0,1,0,0,1
527,63,150.0,223.0,0,115.0,0,0.0,1,1,0,0,0,1,0,1,0,0,1
528,65,140.0,306.0,1,87.0,1,1.5,1,1,0,0,0,1,0,1,0,0,1
529,32,118.0,529.0,0,130.0,0,0.0,1,1,0,0,0,1,0,1,0,0,1
530,38,110.0,218.0,0,150.0,1,1.0,1,1,0,0,0,1,0,1,0,0,1
531,39,110.0,280.0,0,150.0,0,0.0,1,1,0,0,0,1,0,1,0,0,0
532,40,150.0,392.0,0,130.0,0,2.0,1,0,0,0,0,1,0,1,0,0,0
533,43,120.0,291.0,0,155.0,0,0.0,1,1,0,0,1,0,1,1,0,1,0
534,45,130.0,219.0,0,130.0,1,1.0,1,1,0,0,0,0,1,1,0,0,1
535,46,120.0,231.0,0,115.0,1,0.0,1,1,0,0,0,1,0,1,0,0,1
536,46,130.0,222.0,0,112.0,0,0.0,1,1,0,0,0,1,0,1,0,0,1
537,48,122.0,275.0,1,150.0,1,2.0,1,1,0,0,0,0,1,0,0,0,1
538,48,160.0,193.0,0,102.0,1,3.0,1,1,0,0,0,1,0,1,0,0,1
539,48,160.0,329.0,0,92.0,1,1.5,1,1,0,0,0,1,0,1,0,0,1
540,48,160.0,355.0,0,99.0,1,2.0,1,1,0,0,0,1,0,1,0,0,1
541,50,130.0,233.0,0,121.0,1,2.0,1,1,0,0,0,1,0,1,0,0,1
542,52,120.0,182.0,0,150.0,0,0.0,1,1,0,0,0,1,0,1,0,0,1
543,52,170.0,218.0,0,126.0,1,1.5,1,1,0,0,0,1,0,1,0,0,1
544,53,120.0,246.0,0,116.0,1,0.0,1,1,0,0,0,1,0,1,0,0,1
545,54,120.0,237.0,0,150.0,1,1.5,1,1,0,1,0,1,0,1,0,0,1
546,54,130.0,242.0,0,91.0,1,1.0,1,1,0,0,0,1,0,1,0,0,1
547,54,130.0,603.0,1,125.0,1,1.0,1,1,0,0,0,1,0,1,0,0,1
548,54,140.0,218.0,0,118.0,1,0.0,1,1,0,0,0,1,0,1,0,0,1
549,54,200.0,198.0,0,142.0,1,2.0,1,1,0,0,0,1,0,1,0,0,1
550,55,140.0,268.0,0,128.0,1,1.5,1,1,0,0,0,1,0,1,0,0,1
551,56,150.0,213.0,1,125.0,1,1.0,1,1,0,0,0,1,0,1,0,0,1
552,57,150.0,255.0,0,92.0,1,3.0,1,1,0,0,0,1,0,1,0,0,1
553,58,160.0,211.0,1,92.0,0,0.0,1,1,0,1,0,0,1,1,0,1,0
554,58,130.0,263.0,0,140.0,1,2.0,1,1,0,0,0,1,0,1,0,0,1
555,41,130.0,172.0,0,130.0,0,2.0,1,1,0,0,0,0,1,1,0,0,1
556,43,120.0,175.0,0,120.0,1,1.0,1,1,0,0,0,1,0,1,0,0,1
557,44,150.0,288.0,0,150.0,1,3.0,1,1,1,0,0,1,0,1,0,1,0
558,44,130.0,290.0,0,100.0,1,2.0,1,1,0,0,0,1,0,1,0,0,1
559,46,140.0,272.0,1,175.0,0,2.0,1,1,0,0,1,1,0,1,0,1,0
560,47,135.0,248.0,1,170.0,0,0.0,1,0,0,1,0,1,0,0,1,1,0
561,48,138.0,214.0,0,108.0,1,1.5,1,0,0,0,0,1,0,1,0,1,0
562,49,130.0,341.0,0,120.0,1,1.0,1,1,0,0,0,1,0,1,0,0,1
563,49,140.0,234.0,0,140.0,1,1.0,1,1,0,0,0,1,0,1,0,0,1
564,51,135.0,160.0,0,150.0,0,2.0,1,1,0,1,0,1,0,1,0,1,0
565,52,112.0,342.0,0,96.0,1,1.0,1,1,0,0,0,0,1,1,0,0,1
566,52,130.0,298.0,0,110.0,1,1.0,1,1,0,0,0,1,0,1,0,0,1
567,52,140.0,404.0,0,124.0,1,2.0,1,1,0,0,0,1,0,1,0,0,1
568,52,160.0,246.0,0,82.0,1,4.0,1,1,0,0,0,0,1,1,0,0,1
569,53,145.0,518.0,0,130.0,0,0.0,1,1,0,1,0,1,0,1,0,1,0
570,53,180.0,285.0,0,120.0,1,1.5,1,1,0,0,0,0,1,1,0,0,1
571,54,140.0,216.0,0,105.0,0,1.5,1,1,0,0,0,1,0,1,0,0,1
572,55,140.0,295.0,0,136.0,0,0.0,1,1,0,0,1,0,0,1,0,1,0
573,55,160.0,292.0,1,143.0,1,2.0,1,1,1,0,0,1,0,1,0,1,0
574,55,145.0,248.0,0,96.0,1,2.0,1,1,0,0,0,1,0,1,0,0,1
575,56,120.0,279.0,0,150.0,0,1.0,1,0,1,0,0,1,0,1,0,1,0
576,56,150.0,230.0,0,124.0,1,1.5,1,1,0,0,0,0,1,1,0,0,1
577,56,170.0,388.0,0,122.0,1,2.0,1,1,0,0,0,0,1,1,0,0,1
578,58,136.0,164.0,0,99.0,1,2.0,1,1,1,0,0,0,1,1,0,1,0
579,59,130.0,218.0,0,125.0,0,0.0,1,1,0,0,0,1,0,1,0,0,1
580,59,140.0,264.0,1,119.0,1,0.0,1,1,0,0,0,0,0,1,0,0,1
581,65,170.0,263.0,1,112.0,1,2.0,1,1,0,0,0,1,0,1,0,0,1
582,66,140.0,218.0,0,94.0,1,1.0,1,1,0,0,0,1,0,1,0,0,1
583,41,120.0,336.0,0,118.0,1,3.0,1,1,0,0,0,1,0,1,0,0,1
584,43,140.0,288.0,0,135.0,1,2.0,1,1,0,0,0,1,0,1,0,0,1
585,44,135.0,491.0,0,135.0,0,0.0,1,1,0,0,0,1,0,1,0,0,1
586,47,120.0,205.0,0,98.0,1,2.0,1,0,0,0,0,1,0,1,0,0,0
587,47,160.0,291.0,0,158.0,1,3.0,1,1,0,0,0,0,1,1,0,0,1
588,49,128.0,212.0,0,96.0,1,0.0,1,1,0,0,0,1,0,1,0,0,1
589,49,150.0,222.0,0,122.0,0,2.0,1,1,0,0,0,1,0,1,0,0,1
590,50,140.0,231.0,0,140.0,1,5.0,1,1,0,0,0,0,1,1,0,0,1
591,50,140.0,341.0,0,125.0,1,2.5,1,1,0,0,0,0,1,1,0,0,1
592,52,140.0,266.0,0,134.0,1,2.0,1,1,0,0,0,1,0,1,0,0,1
593,52,160.0,331.0,0,94.0,1,2.5,1,1,0,0,0,1,0,1,0,0,1
594,54,130.0,294.0,0,100.0,1,0.0,1,0,0,1,0,0,1,1,0,1,0
595,56,155.0,342.0,1,150.0,1,3.0,1,1,0,0,0,1,0,1,0,0,1
596,58,180.0,393.0,0,110.0,1,1.0,1,0,1,0,0,1,0,1,0,0,1
597,65,130.0,275.0,0,115.0,1,1.0,1,1,0,0,0,0,1,1,0,0,1
598,32,95.0,0.0,0,127.0,0,0.7,1,1,0,0,1,1,0,0,1,1,0
599,34,115.0,0.0,0,154.0,0,0.2,1,1,0,0,0,1,0,0,1,0,1
600,35,130.0,0.0,0,130.0,1,1.0,1,1,0,0,0,1,0,1,0,0,1
601,36,110.0,0.0,0,125.0,1,1.0,1,1,0,0,0,1,0,1,0,0,0
602,38,105.0,0.0,0,166.0,0,2.8,1,0,0,0,0,1,0,0,1,1,0
603,38,110.0,0.0,0,156.0,0,0.0,1,0,0,0,0,1,0,1,0,1,0
604,38,100.0,0.0,0,179.0,0,-1.1,0,1,0,1,0,1,0,0,1,1,0
605,38,115.0,0.0,0,128.0,1,0.0,1,1,0,1,0,1,0,1,0,0,1
606,38,135.0,0.0,0,150.0,0,0.0,1,1,0,0,0,1,0,1,0,1,0
607,38,150.0,0.0,0,120.0,1,1.0,1,1,0,0,0,1,0,1,0,1,0
608,40,95.0,0.0,0,144.0,0,0.0,1,1,0,0,0,0,1,0,1,0,1
609,41,125.0,0.0,0,176.0,0,1.6,1,1,0,0,0,1,0,0,1,0,1
610,42,105.0,0.0,0,128.0,1,-1.5,1,1,0,0,0,1,0,0,0,0,1
611,42,145.0,0.0,0,99.0,1,0.0,1,1,0,0,0,1,0,1,0,0,1
612,43,100.0,0.0,0,122.0,0,1.5,1,1,0,0,0,1,0,0,0,0,1
613,43,115.0,0.0,0,145.0,1,2.0,1,1,0,0,0,1,0,1,0,0,1
614,43,140.0,0.0,0,140.0,1,0.5,1,1,0,0,0,0,1,0,1,0,1
615,45,110.0,0.0,0,138.0,0,-0.1,0,1,0,1,0,1,0,0,1,1,0
616,46,100.0,0.0,0,133.0,0,-2.6,1,1,0,0,0,0,1,1,0,0,1
617,46,115.0,0.0,0,113.0,1,1.5,1,1,0,0,0,1,0,1,0,0,1
618,47,110.0,0.0,0,120.0,1,0.0,1,1,0,1,0,1,0,1,0,1,0
619,47,155.0,0.0,0,118.0,1,1.0,1,1,0,1,0,1,0,1,0,1,0
620,47,110.0,0.0,0,149.0,0,2.1,1,1,0,0,0,0,1,0,1,0,1
621,47,160.0,0.0,0,124.0,1,0.0,1,1,0,0,0,1,0,1,0,0,1
622,48,115.0,0.0,0,128.0,0,0.0,1,1,0,0,0,1,0,1,0,0,0
623,50,160.0,0.0,0,110.0,0,0.0,1,0,0,0,0,1,0,1,0,1,0
624,50,115.0,0.0,0,120.0,1,0.5,1,1,0,0,0,1,0,1,0,0,0
625,50,120.0,0.0,0,156.0,1,0.0,1,1,0,0,0,0,1,0,1,0,0
626,50,145.0,0.0,0,139.0,1,0.7,1,1,0,0,0,1,0,1,0,0,1
627,51,120.0,0.0,0,127.0,1,1.5,1,0,0,0,0,1,0,0,1,1,0
628,51,110.0,0.0,0,92.0,0,0.0,1,1,0,0,0,1,0,1,0,0,1
629,51,120.0,0.0,1,104.0,0,0.0,1,1,0,0,0,1,0,1,0,1,0
630,51,130.0,0.0,0,170.0,0,-0.7,1,1,0,0,0,1,0,0,1,0,1
631,51,130.0,0.0,0,163.0,0,0.0,1,1,0,0,0,0,1,1,0,0,1
632,51,140.0,0.0,0,60.0,0,0.0,1,1,0,0,0,1,0,1,0,1,0
633,51,95.0,0.0,0,126.0,0,2.2,1,1,0,0,0,1,0,1,0,0,1
634,52,130.0,0.0,0,120.0,0,0.0,1,1,0,0,0,1,0,1,0,0,1
635,52,135.0,0.0,0,128.0,1,2.0,1,1,0,0,0,1,0,1,0,0,1
636,52,165.0,0.0,0,122.0,1,1.0,1,1,0,0,0,1,0,0,1,0,1
637,52,95.0,0.0,0,82.0,1,1.0,1,1,0,0,0,1,0,1,0,0,1
638,53,120.0,0.0,0,95.0,0,0.0,1,1,1,0,0,1,0,1,0,1,0
639,53,130.0,0.0,0,120.0,0,0.7,0,1,1,0,0,0,1,0,0,1,0
640,53,105.0,0.0,0,115.0,0,0.0,1,1,0,1,0,1,0,1,0,0,1
641,53,160.0,0.0,0,122.0,1,0.0,1,1,0,1,0,0,0,1,0,0,1
642,53,120.0,0.0,0,120.0,0,0.0,1,1,0,0,0,1,0,1,0,0,1
643,53,125.0,0.0,0,120.0,0,1.5,1,1,0,0,0,1,0,0,1,0,1
644,53,130.0,0.0,0,135.0,1,1.0,1,1,0,0,0,0,0,1,0,0,1
645,53,80.0,0.0,0,141.0,1,2.0,0,1,0,0,0,1,0,0,0,0,1
646,54,120.0,0.0,0,155.0,0,0.0,1,1,0,0,0,1,0,1,0,0,1
647,54,130.0,0.0,0,110.0,1,3.0,1,1,0,0,0,1,0,1,0,0,1
648,54,180.0,0.0,0,150.0,0,1.5,1,1,0,0,0,1,0,1,0,0,1
649,55,140.0,0.0,0,150.0,0,0.2,0,1,1,0,0,0,1,0,1,1,0
650,55,115.0,0.0,0,155.0,0,0.1,1,1,0,0,0,1,0,1,0,0,1
651,55,120.0,0.0,0,92.0,0,0.3,1,1,0,0,0,0,1,0,1,0,1
652,55,140.0,0.0,0,83.0,0,0.0,1,1,0,0,0,1,0,1,0,0,1
653,56,120.0,0.0,0,97.0,0,0.0,0,1,0,1,0,1,0,1,0,0,1
654,56,125.0,0.0,0,98.0,0,-2.0,1,1,0,1,0,1,0,1,0,0,1
655,56,155.0,0.0,0,99.0,0,0.0,1,1,0,1,0,0,1,1,0,1,0
656,56,115.0,0.0,0,82.0,0,-1.0,1,1,0,0,0,0,1,0,1,0,1
657,56,120.0,0.0,0,100.0,1,-1.0,1,1,0,0,0,0,1,0,0,0,1
658,56,120.0,0.0,0,148.0,0,0.0,1,1,0,0,0,0,1,1,0,0,1
659,56,125.0,0.0,1,103.0,1,1.0,1,1,0,0,0,1,0,1,0,0,1
660,56,140.0,0.0,0,121.0,1,1.8,1,1,0,0,0,1,0,0,1,0,1
661,57,105.0,0.0,0,148.0,0,0.3,1,1,0,1,0,1,0,1,0,1,0
662,57,110.0,0.0,0,131.0,1,1.4,1,1,0,0,0,0,1,0,1,0,1
663,57,140.0,0.0,0,120.0,1,2.0,1,1,0,0,0,1,0,1,0,0,0
664,57,140.0,0.0,0,100.0,1,0.0,1,1,0,0,0,1,0,1,0,0,0
665,57,160.0,0.0,0,98.0,1,2.0,1,1,0,0,0,1,0,1,0,0,1
666,57,95.0,0.0,0,182.0,0,0.7,1,1,0,0,0,1,0,0,0,0,1
667,58,115.0,0.0,0,138.0,0,0.5,1,1,0,0,0,1,0,0,1,0,1
668,58,130.0,0.0,0,100.0,1,1.0,1,1,0,0,0,0,1,1,0,0,0
669,58,170.0,0.0,0,105.0,1,0.0,1,1,0,0,0,0,1,1,0,1,0
670,59,125.0,0.0,0,175.0,0,2.6,1,1,0,1,0,1,0,1,0,1,0
671,59,110.0,0.0,0,94.0,0,0.0,1,1,0,0,0,1,0,1,0,0,0
672,59,120.0,0.0,0,115.0,0,0.0,1,1,0,0,0,1,0,1,0,1,0
673,59,125.0,0.0,0,119.0,1,0.9,1,1,0,0,0,1,0,0,1,0,1
674,59,135.0,0.0,0,115.0,1,1.0,1,1,0,0,0,1,0,1,0,0,1
675,60,115.0,0.0,0,143.0,0,2.4,1,1,0,1,0,1,0,0,1,1,0
676,60,125.0,0.0,0,110.0,0,0.1,1,1,0,0,0,1,0,0,1,0,1
677,60,130.0,0.0,0,130.0,1,1.1,1,1,0,0,0,0,1,0,0,0,1
678,60,135.0,0.0,0,63.0,1,0.5,1,1,0,0,0,1,0,0,1,0,1
679,60,160.0,0.0,0,99.0,1,0.5,1,1,0,0,0,0,1,1,0,0,1
680,60,160.0,0.0,0,149.0,0,0.4,1,1,0,0,0,1,0,1,0,0,1
681,61,200.0,0.0,0,70.0,0,0.0,1,1,0,1,0,0,1,1,0,1,0
682,61,105.0,0.0,0,110.0,1,1.5,1,1,0,0,0,1,0,0,1,0,1
683,61,110.0,0.0,0,113.0,0,1.4,1,1,0,0,0,1,0,1,0,0,1
684,61,125.0,0.0,0,105.0,1,0.0,1,1,0,0,0,1,0,0,0,0,1
685,61,130.0,0.0,0,115.0,0,0.0,1,1,0,0,0,0,0,1,0,0,1
686,61,130.0,0.0,0,77.0,0,2.5,1,1,0,0,0,1,0,1,0,0,1
687,61,150.0,0.0,0,105.0,1,0.0,1,1,0,0,0,1,0,1,0,0,1
688,61,150.0,0.0,0,117.0,1,2.0,1,1,0,0,0,1,0,1,0,0,1
689,61,160.0,0.0,1,145.0,0,1.0,1,1,0,0,0,0,1,1,0,0,1
690,62,140.0,0.0,0,143.0,0,0.0,1,0,0,0,1,1,0,0,1,1,0
691,62,120.0,0.0,0,123.0,1,1.7,1,0,0,0,0,0,1,0,0,1,0
692,62,120.0,0.0,0,134.0,0,-0.8,1,1,0,0,1,0,0,1,0,1,0
693,62,160.0,0.0,0,72.0,1,0.0,1,1,0,1,0,1,0,1,0,1,0
694,62,115.0,0.0,0,128.0,1,2.5,1,1,0,0,0,1,0,0,0,0,1
695,62,115.0,0.0,0,72.0,1,-0.5,1,1,0,0,0,1,0,1,0,1,0
696,62,150.0,0.0,0,78.0,0,2.0,1,1,0,0,0,0,1,1,0,0,1
697,63,100.0,0.0,0,109.0,0,-0.9,1,1,0,0,0,1,0,1,0,0,1
698,63,140.0,0.0,0,149.0,0,2.0,1,1,0,0,0,0,0,0,1,0,1
699,63,150.0,0.0,0,86.0,1,2.0,1,1,0,0,0,1,0,1,0,0,1
700,63,150.0,0.0,0,154.0,0,3.7,1,1,0,0,0,0,1,0,1,0,1
701,63,185.0,0.0,0,98.0,1,0.0,1,1,0,0,0,1,0,0,1,0,1
702,64,200.0,0.0,0,140.0,1,1.0,1,0,0,0,0,1,0,1,0,1,0
703,64,95.0,0.0,0,145.0,0,1.1,1,0,0,0,0,1,0,0,0,1,0
704,64,110.0,0.0,0,114.0,1,1.3,1,1,0,0,0,1,0,0,0,0,1
705,65,115.0,0.0,0,93.0,1,0.0,1,1,0,0,0,1,0,1,0,0,1
706,65,145.0,0.0,0,67.0,0,1.0,1,1,0,0,0,0,1,1,0,0,0
707,65,155.0,0.0,0,154.0,0,1.0,0,1,0,0,0,1,0,0,1,0,1
708,65,160.0,0.0,1,122.0,0,1.0,1,1,0,0,0,0,1,1,0,0,1
709,66,155.0,0.0,0,90.0,0,0.0,1,0,0,0,0,1,0,1,0,0,1
710,66,150.0,0.0,0,108.0,1,2.0,1,1,0,0,0,1,0,1,0,0,1
711,67,145.0,0.0,0,125.0,0,0.0,1,1,0,0,1,0,0,1,0,1,0
712,68,135.0,0.0,0,120.0,1,0.0,1,1,0,0,0,0,1,0,1,0,1
713,68,145.0,0.0,0,136.0,0,1.8,1,1,0,0,0,1,0,0,1,0,1
714,69,135.0,0.0,0,130.0,0,0.0,1,1,0,0,0,1,0,1,0,0,0
715,69,130.0,0.0,0,126.0,1,1.0,1,1,0,0,0,0,1,1,0,0,1
716,70,115.0,0.0,0,92.0,1,0.0,1,1,0,0,0,0,1,1,0,0,1
717,70,140.0,0.0,1,157.0,1,2.0,1,1,0,0,0,1,0,1,0,0,1
718,72,160.0,0.0,0,114.0,0,1.6,0,1,0,1,0,0,0,1,0,1,0
719,73,160.0,0.0,0,121.0,0,0.0,1,0,0,1,0,0,1,0,1,1,0
720,74,145.0,0.0,0,123.0,0,1.3,1,1,1,0,0,0,1,0,1,1,0
721,63,140.0,260.0,0,112.0,1,3.0,1,1,0,0,0,0,1,1,0,0,1
722,44,130.0,209.0,0,127.0,0,0.0,0,1,0,0,0,0,1,1,0,0,1
723,60,132.0,218.0,0,140.0,1,1.5,1,1,0,0,0,0,1,0,0,0,1
724,55,142.0,228.0,0,149.0,1,2.5,1,1,0,0,0,0,1,0,1,0,1
725,66,110.0,213.0,1,99.0,1,1.3,0,1,0,1,0,0,0,1,0,1,0
726,66,120.0,0.0,0,120.0,0,-0.5,0,1,0,1,0,0,1,0,1,1,0
727,65,150.0,236.0,1,105.0,1,0.0,1,1,0,0,0,0,1,1,0,0,1
728,60,180.0,0.0,0,140.0,1,1.5,0,1,0,1,0,0,1,1,0,1,0
729,60,120.0,0.0,0,141.0,1,2.0,1,1,0,1,0,1,0,0,1,1,0
730,60,160.0,267.0,1,157.0,0,0.5,1,1,1,0,0,0,1,1,0,1,0
731,56,126.0,166.0,0,140.0,0,0.0,0,1,1,0,0,0,1,0,1,1,0
732,59,140.0,0.0,0,117.0,1,1.0,1,1,0,0,0,0,1,1,0,0,1
733,62,110.0,0.0,0,120.0,1,0.5,1,1,0,0,0,1,0,1,0,1,0
734,63,130.0,0.0,0,148.0,0,0.0,1,1,0,1,0,0,0,1,0,1,0
735,57,128.0,0.0,1,148.0,1,1.0,1,1,0,0,0,0,1,1,0,0,1
736,62,120.0,220.0,0,86.0,0,0.0,0,1,0,0,0,0,1,1,0,0,1
737,63,170.0,177.0,0,84.0,1,2.5,1,1,0,0,0,1,0,0,0,0,1
738,46,110.0,236.0,0,125.0,1,2.0,1,1,0,0,0,1,0,1,0,0,1
739,63,126.0,0.0,0,120.0,0,1.5,0,1,0,0,0,0,1,0,0,0,1
740,60,152.0,0.0,0,118.0,1,0.0,0,1,0,0,0,0,1,1,0,0,1
741,58,116.0,0.0,0,124.0,0,1.0,1,1,0,0,0,1,0,0,1,0,1
742,64,120.0,0.0,1,106.0,0,2.0,1,1,0,0,0,0,1,1,0,0,1
743,63,130.0,0.0,0,111.0,1,0.0,1,1,0,1,0,0,1,1,0,1,0
744,74,130.0,0.0,0,148.0,0,0.0,0,1,0,1,0,1,0,1,0,1,0
745,52,128.0,0.0,0,180.0,0,3.0,1,1,0,1,0,0,1,0,1,1,0
746,69,130.0,0.0,1,129.0,0,1.0,1,1,0,0,0,0,1,1,0,0,0
747,51,130.0,0.0,1,126.0,1,1.0,1,1,0,0,0,0,1,1,0,0,1
748,60,130.0,186.0,1,140.0,1,0.5,1,1,0,0,0,0,1,1,0,0,1
749,56,120.0,100.0,0,120.0,1,1.5,1,1,0,0,0,1,0,1,0,0,1
750,55,130.0,228.0,0,148.0,0,0.0,1,1,0,1,0,0,1,1,0,1,0
751,54,130.0,0.0,0,126.0,1,1.0,1,1,0,0,0,0,1,1,0,0,1
752,77,124.0,171.0,0,110.0,1,2.0,1,1,0,0,0,0,1,0,1,0,1
753,63,160.0,230.0,1,105.0,1,1.0,1,1,0,0,0,1,0,1,0,0,1
754,55,0.0,0.0,0,155.0,0,1.5,1,1,0,1,0,1,0,1,0,1,0
755,52,122.0,0.0,0,110.0,1,2.0,1,1,0,1,0,1,0,0,0,1,0
756,64,144.0,0.0,0,122.0,1,1.0,1,1,0,0,0,0,1,1,0,0,1
757,60,130.0,281.0,0,126.0,1,1.0,1,1,0,0,0,0,1,1,0,0,1
758,60,120.0,0.0,0,133.0,1,2.0,0,1,0,0,0,1,0,0,1,0,1
759,58,130.0,203.0,1,126.0,1,1.0,1,1,0,0,0,1,0,1,0,0,1
760,59,154.0,0.0,0,131.0,1,1.5,0,1,0,0,0,0,1,1,0,0,1
761,61,120.0,0.0,0,80.0,1,0.0,1,1,0,1,0,1,0,1,0,1,0
762,40,125.0,0.0,1,165.0,0,0.0,1,1,0,0,0,1,0,1,0,0,1
763,61,130.0,0.0,1,86.0,0,1.5,1,1,0,0,0,0,1,1,0,0,1
764,41,104.0,0.0,0,111.0,0,0.0,0,1,0,0,0,0,1,1,0,0,1
765,57,130.0,277.0,1,126.0,1,1.0,1,1,0,0,0,0,1,1,0,0,1
766,63,136.0,0.0,0,84.0,1,0.0,1,1,0,0,0,1,0,1,0,0,1
767,59,122.0,233.0,0,117.0,1,1.3,1,1,0,0,0,1,0,0,0,0,1
768,51,128.0,0.0,0,107.0,0,0.0,0,1,0,0,0,1,0,1,0,0,1
769,59,130.0,0.0,0,128.0,1,2.0,1,1,0,1,0,1,0,0,0,1,0
770,42,134.0,240.0,0,160.0,0,0.0,0,1,0,1,0,1,0,1,0,1,0
771,55,120.0,0.0,0,125.0,1,2.5,1,1,0,1,0,0,1,1,0,0,1
772,63,125.0,0.0,0,154.0,0,0.0,0,0,1,0,0,1,0,0,1,1,0
773,62,152.0,153.0,0,97.0,1,1.6,1,1,0,0,0,0,1,0,1,0,1
774,56,124.0,224.0,1,161.0,0,2.0,0,1,1,0,0,1,0,1,0,1,0
775,53,126.0,0.0,0,106.0,0,0.0,1,1,0,0,0,1,0,1,0,0,1
776,68,138.0,0.0,0,130.0,1,3.0,1,1,0,0,0,1,0,1,0,0,1
777,53,154.0,0.0,0,140.0,1,1.5,1,1,0,0,0,0,1,1,0,0,1
778,60,130.0,316.0,1,148.0,0,0.0,1,1,0,1,0,0,1,1,0,1,0
779,62,130.0,0.0,0,152.5,0,0.0,0,1,1,0,0,1,0,0,1,1,0
780,59,178.0,0.0,1,120.0,1,0.0,1,1,0,0,0,0,0,1,0,0,1
781,51,130.0,218.0,1,126.0,1,1.0,0,1,0,0,0,0,0,1,0,0,1
782,61,110.0,0.0,0,108.0,1,2.0,1,1,0,0,0,1,0,0,0,0,1
783,57,130.0,311.0,0,148.0,1,2.0,1,1,0,0,0,0,1,1,0,0,1
784,56,170.0,0.0,0,123.0,1,2.5,1,1,0,1,0,0,0,1,0,1,0
785,58,126.0,0.0,1,110.0,1,2.0,1,1,1,0,0,1,0,1,0,1,0
786,69,140.0,0.0,0,118.0,0,2.5,1,1,0,1,0,0,1,0,0,1,0
787,67,142.0,270.0,1,125.0,0,2.5,1,1,0,0,1,1,0,0,1,1,0
788,58,120.0,0.0,0,106.0,1,1.5,1,1,0,0,0,0,0,0,0,0,1
789,65,130.0,0.0,0,126.0,1,1.0,1,1,0,0,0,1,0,1,0,0,1
790,63,130.0,217.0,1,152.5,0,0.0,1,1,1,0,0,0,1,0,1,1,0
791,55,110.0,214.0,1,180.0,0,0.0,0,1,1,0,0,0,1,0,1,1,0
792,57,140.0,214.0,0,144.0,1,2.0,1,1,0,0,0,0,1,1,0,0,0
793,65,136.0,252.0,0,150.0,0,1.2,0,1,0,0,1,1,0,1,0,1,0
794,54,136.0,220.0,0,140.0,1,3.0,1,1,0,0,0,1,0,1,0,0,1
795,72,120.0,214.0,0,102.0,1,1.0,1,1,0,1,0,1,0,1,0,1,0
796,75,170.0,203.0,1,108.0,0,0.0,1,1,0,0,0,0,1,1,0,0,1
797,49,130.0,0.0,0,145.0,0,3.0,1,1,0,0,1,0,1,1,0,1,0
798,51,130.0,339.0,0,148.0,0,0.0,1,1,0,1,0,1,0,1,0,1,0
799,60,142.0,216.0,0,110.0,1,2.5,1,1,0,0,0,1,0,1,0,0,1
800,64,142.0,276.0,0,140.0,1,1.0,1,0,0,0,0,1,0,1,0,0,1
801,58,132.0,458.0,1,69.0,0,1.0,0,1,0,0,0,1,0,0,0,0,1
802,61,146.0,241.0,0,148.0,1,3.0,1,1,0,0,0,1,0,0,0,0,1
803,67,160.0,384.0,1,130.0,1,0.0,1,1,0,0,0,0,1,1,0,0,1
804,62,135.0,297.0,0,130.0,1,1.0,1,1,0,0,0,1,0,1,0,0,1
805,65,136.0,248.0,0,140.0,1,4.0,1,1,0,0,0,1,0,0,0,0,1
806,63,130.0,308.0,0,138.0,1,2.0,1,1,0,0,0,1,0,1,0,0,1
807,69,140.0,208.0,0,140.0,1,2.0,1,1,0,0,0,0,1,1,0,0,1
808,51,130.0,227.0,1,126.0,1,1.0,0,1,0,0,0,0,1,1,0,0,1
809,62,158.0,210.0,1,112.0,1,3.0,1,1,0,0,0,1,0,0,0,0,1
810,55,130.0,245.0,1,148.0,0,0.0,1,1,0,1,0,0,1,1,0,1,0
811,75,136.0,225.0,0,112.0,1,3.0,1,1,0,0,0,1,0,1,0,0,1
812,40,106.0,240.0,0,80.0,1,0.0,0,1,0,1,0,1,0,1,0,0,1
813,67,120.0,0.0,1,150.0,0,1.5,1,1,0,0,0,1,0,0,0,0,1
814,58,110.0,198.0,0,110.0,0,0.0,1,1,0,0,0,1,0,1,0,0,1
815,60,130.0,195.0,0,126.0,1,1.0,0,1,0,0,0,1,0,1,0,0,1
816,63,160.0,267.0,1,88.0,1,2.0,1,1,0,0,0,0,1,1,0,0,1
817,35,130.0,161.0,0,148.0,0,0.0,0,1,0,1,0,0,1,1,0,1,0
818,62,112.0,258.0,0,150.0,1,1.2,1,1,0,0,1,0,1,1,0,1,0
819,43,122.0,0.0,0,120.0,0,0.5,1,1,0,0,0,1,0,0,1,0,1
820,63,130.0,0.0,1,160.0,0,3.0,0,1,0,1,0,0,1,1,0,1,0
821,68,150.0,195.0,1,132.0,0,0.0,1,1,0,1,0,1,0,1,0,0,0
822,65,150.0,235.0,0,120.0,1,1.5,1,1,0,0,0,1,0,1,0,0,1
823,48,102.0,0.0,0,110.0,1,1.0,1,1,0,1,0,0,1,0,0,1,0
824,63,96.0,305.0,0,121.0,1,1.0,1,1,0,0,0,0,1,0,1,0,1
825,64,130.0,223.0,0,128.0,0,0.5,0,1,0,0,0,0,1,1,0,0,1
826,61,120.0,282.0,0,135.0,1,4.0,1,1,0,0,0,0,1,0,0,0,0
827,50,144.0,349.0,0,120.0,1,1.0,1,1,0,0,0,0,0,0,1,0,1
828,59,124.0,218.0,0,117.0,1,1.0,1,1,0,0,0,1,0,1,0,0,1
829,55,150.0,160.0,0,150.0,0,0.0,0,1,0,0,0,0,1,1,0,0,1
830,45,130.0,236.0,0,148.0,0,0.0,0,1,0,1,0,1,0,1,0,1,0
831,65,130.0,312.0,0,126.0,1,1.0,1,1,0,0,0,0,0,1,0,0,1
832,61,130.0,283.0,0,152.5,0,0.0,0,1,1,0,0,1,0,0,1,1,0
833,49,130.0,142.0,0,148.0,0,0.0,1,1,0,1,0,1,0,1,0,1,0
834,72,130.0,211.0,0,126.0,1,1.0,1,1,0,0,0,1,0,1,0,0,1
835,50,130.0,218.0,0,126.0,1,1.0,1,1,0,0,0,1,0,1,0,0,1
836,64,130.0,306.0,1,126.0,1,1.0,1,1,0,0,0,0,1,1,0,0,1
837,55,116.0,186.0,1,102.0,0,0.0,1,1,0,0,0,0,1,1,0,0,1
838,63,110.0,252.0,0,140.0,1,2.0,1,1,0,0,0,0,1,1,0,0,1
839,59,125.0,222.0,0,135.0,1,2.5,1,1,0,0,0,1,0,0,0,0,1
840,56,130.0,0.0,0,126.0,1,1.0,1,1,0,0,0,0,0,1,0,0,1
841,62,130.0,0.0,1,148.0,0,0.0,1,1,0,1,0,0,1,1,0,1,0
842,74,150.0,258.0,1,130.0,1,4.0,1,1,0,0,0,0,1,0,0,0,1
843,54,130.0,202.0,1,112.0,1,2.0,1,1,0,0,0,1,0,1,0,0,1
844,57,110.0,197.0,0,100.0,0,0.0,0,1,0,0,0,0,0,1,0,0,1
845,62,130.0,204.0,0,148.0,0,0.0,1,1,0,1,0,0,1,1,0,1,0
846,76,104.0,215.0,0,120.0,0,3.5,1,1,0,1,0,0,0,0,0,1,0
847,54,138.0,274.0,0,105.0,1,1.5,1,0,0,0,0,1,0,1,0,1,0
848,70,170.0,192.0,0,129.0,1,3.0,1,1,0,0,0,0,1,0,0,0,1
849,61,140.0,298.0,1,120.0,1,0.0,0,0,1,0,0,1,0,0,1,0,1
850,48,130.0,272.0,0,126.0,1,1.0,0,1,0,0,0,0,1,1,0,0,1
851,48,132.0,220.0,1,162.0,0,0.0,1,1,0,1,0,0,1,1,0,0,0
852,61,142.0,200.0,1,100.0,0,1.5,1,1,0,0,1,0,1,0,0,1,0
853,66,112.0,261.0,0,140.0,0,1.5,1,1,0,0,0,1,0,0,1,0,1
854,68,136.0,181.0,1,150.0,0,1.2,0,1,0,0,1,0,1,1,0,1,0
855,55,172.0,260.0,0,73.0,0,2.0,1,1,0,0,0,1,0,1,0,0,1
856,62,120.0,220.0,0,86.0,0,0.0,0,1,0,1,0,0,0,1,0,1,0
857,71,130.0,221.0,0,148.0,0,0.0,1,1,0,1,0,1,0,1,0,1,0
858,74,136.0,216.0,1,150.0,0,1.2,1,1,0,0,1,1,0,1,0,1,0
859,53,155.0,175.0,1,160.0,0,0.0,0,1,0,1,0,0,1,1,0,0,0
860,58,150.0,219.0,0,118.0,1,0.0,1,1,0,1,0,0,1,1,0,1,0
861,75,160.0,310.0,1,112.0,1,2.0,0,1,0,0,0,1,0,0,0,0,1
862,56,130.0,208.0,1,148.0,0,0.0,1,1,0,1,0,0,1,1,0,1,0
863,58,130.0,232.0,0,148.0,0,0.0,1,1,0,1,0,0,1,1,0,1,0
864,64,134.0,273.0,0,102.0,1,4.0,1,1,0,0,0,1,0,0,0,0,1
865,54,130.0,203.0,0,148.0,0,0.0,0,1,0,1,0,0,1,1,0,1,0
866,54,130.0,182.0,0,152.5,0,0.0,0,1,1,0,0,0,1,0,1,1,0
867,59,140.0,274.0,0,154.0,1,2.0,0,1,0,0,0,1,0,1,0,0,1
868,55,130.0,204.0,1,126.0,1,1.0,1,1,0,0,0,0,1,1,0,0,1
869,57,144.0,270.0,1,160.0,1,2.0,1,1,0,0,0,0,1,1,0,0,1
870,61,130.0,292.0,0,126.0,1,1.0,1,1,0,0,0,0,1,1,0,0,1
871,41,150.0,171.0,0,128.0,1,1.5,0,1,0,0,0,1,0,1,0,0,1
872,71,130.0,221.0,0,115.0,1,0.0,1,1,0,0,0,0,1,1,0,0,1
873,38,110.0,289.0,0,105.0,1,1.5,1,1,0,0,0,1,0,0,0,0,1
874,55,158.0,217.0,0,110.0,1,2.5,1,1,0,0,0,1,0,1,0,0,1
875,56,128.0,223.0,0,119.0,1,2.0,1,1,0,0,0,0,1,0,0,0,1
876,69,130.0,218.0,1,126.0,1,1.0,1,1,0,0,0,1,0,1,0,0,1
877,64,150.0,193.0,0,135.0,1,0.5,1,1,0,0,0,0,1,1,0,0,1
878,72,160.0,218.0,1,130.0,0,1.5,1,1,0,0,0,0,0,1,0,0,1
879,69,130.0,210.0,1,126.0,1,1.0,1,1,0,0,0,0,1,1,0,0,1
880,56,130.0,282.0,1,126.0,1,1.0,1,1,0,0,0,1,0,1,0,0,1
881,62,130.0,170.0,0,120.0,1,3.0,1,1,0,0,0,0,1,1,0,0,1
882,67,130.0,369.0,0,126.0,1,1.0,1,1,0,0,0,1,0,1,0,0,1
883,57,156.0,173.0,0,119.0,1,3.0,1,1,0,0,0,0,0,0,0,0,1
884,69,130.0,289.0,1,126.0,1,1.0,1,1,0,0,0,0,1,1,0,0,1
885,51,130.0,218.0,1,126.0,1,1.0,1,1,0,0,0,0,0,1,0,0,1
886,48,140.0,218.0,0,159.0,1,1.5,1,1,0,0,0,1,0,0,1,0,1
887,69,122.0,216.0,1,84.0,1,0.0,1,1,0,0,0,0,0,1,0,0,1
888,69,130.0,271.0,0,148.0,0,0.0,0,1,0,1,0,0,0,1,0,1,0
889,64,130.0,244.0,1,126.0,1,1.0,1,1,0,0,0,0,1,1,0,0,1
890,57,180.0,285.0,1,120.0,0,0.8,1,1,1,0,0,0,1,0,1,1,0
891,53,124.0,243.0,0,122.0,1,2.0,1,1,0,0,0,1,0,1,0,0,1
892,37,118.0,240.0,0,165.0,0,1.0,0,1,0,1,0,0,0,1,0,1,0
893,67,140.0,219.0,0,122.0,1,2.0,1,1,0,0,0,0,1,1,0,0,1
894,74,140.0,237.0,1,94.0,0,0.0,1,1,0,1,0,1,0,1,0,1,0
895,63,130.0,165.0,0,152.5,0,0.0,0,1,1,0,0,0,1,0,1,1,0
896,58,100.0,213.0,0,110.0,0,0.0,0,1,0,0,0,0,1,1,0,0,1
897,61,190.0,287.0,1,150.0,1,2.0,1,1,0,0,0,0,0,0,0,0,1
898,64,130.0,258.0,1,130.0,0,0.0,1,1,0,0,0,0,0,1,0,0,0
899,58,160.0,256.0,1,113.0,1,1.0,1,1,0,0,0,0,0,0,1,0,1
900,60,130.0,186.0,1,140.0,1,0.5,1,1,0,0,0,0,0,1,0,0,1
901,57,122.0,264.0,0,100.0,0,0.0,1,1,0,0,0,0,0,1,0,0,1
902,55,130.0,215.0,0,148.0,0,0.0,0,1,0,1,0,0,1,1,0,1,0
903,55,120.0,226.0,0,127.0,1,1.7,1,1,0,0,0,0,0,0,0,0,1
904,56,130.0,203.0,1,98.0,0,1.5,1,1,0,0,0,1,0,1,0,0,1
905,57,130.0,207.0,0,96.0,1,1.0,0,1,0,0,0,0,1,1,0,0,1
906,61,130.0,284.0,0,148.0,0,0.0,1,1,0,1,0,1,0,1,0,1,0
907,61,120.0,337.0,0,98.0,1,0.0,1,1,0,1,0,1,0,1,0,1,0
908,58,150.0,219.0,0,118.0,1,0.0,1,1,0,1,0,0,1,1,0,1,0
909,74,155.0,310.0,0,112.0,1,1.5,1,1,0,0,0,1,0,0,0,0,1
910,68,134.0,254.0,1,151.0,1,0.0,0,1,0,1,0,1,0,1,0,1,0
911,51,114.0,258.0,1,96.0,0,1.0,0,0,0,0,0,0,0,0,1,1,0
912,62,160.0,254.0,1,108.0,1,3.0,1,1,0,0,0,0,1,1,0,0,1
913,53,144.0,300.0,1,128.0,1,1.5,1,1,0,0,0,0,1,1,0,0,1
914,62,158.0,170.0,0,138.0,1,0.0,1,1,0,0,0,0,1,1,0,0,1
915,46,134.0,310.0,0,126.0,0,0.0,1,1,0,0,0,1,0,1,0,1,0
916,54,127.0,333.0,1,154.0,0,0.0,1,0,0,0,0,0,1,1,0,1,0
917,62,136.0,139.0,0,150.0,0,1.2,0,1,0,0,1,0,1,1,0,1,0
918,55,122.0,223.0,1,100.0,0,0.0,1,1,0,0,0,0,1,1,0,0,0
919,58,130.0,385.0,1,126.0,1,1.0,0,1,0,0,0,0,0,1,0,0,1
920,62,120.0,254.0,0,93.0,1,0.0,1,1,1,0,0,0,0,0,1,1,0
